Cell_line;Tissue sub-type;Count;
201T;LUAD;lung;lung_NSCLC_adenocarcinoma
22RV1;PRAD;urogenital_system;prostate
22RV1;PRAD;urogenital_system;prostate
23132-87;STAD;digestive_system;stomach
23132-87;STAD;digestive_system;stomach
42-MG-BA;GBM;nervous_system;glioma
42-MG-BA;GBM;nervous_system;glioma
451Lu;SKCM;skin;melanoma
5637;BLCA;urogenital_system;bladder
5637;BLCA;urogenital_system;bladder
639-V;BLCA;urogenital_system;bladder
639-V;BLCA;urogenital_system;bladder
647-V;BLCA;urogenital_system;bladder
647-V;BLCA;urogenital_system;bladder
697;UNCLASSIFIED;blood;lymphoblastic_leukemia
697;UNCLASSIFIED;blood;lymphoblastic_leukemia
769-P;KIRC;kidney;kidney
769-P;KIRC;kidney;kidney
786-0;KIRC;kidney;kidney
786-0;KIRC;kidney;kidney
8-MG-BA;GBM;nervous_system;glioma
8-MG-BA;GBM;nervous_system;glioma
8305C;THCA;thyroid;thyroid
8305C;THCA;thyroid;thyroid
8505C;THCA;thyroid;thyroid
8505C;THCA;thyroid;thyroid
A101D;SKCM;skin;melanoma
A101D;SKCM;skin;melanoma
A172;GBM;nervous_system;glioma
A172;GBM;nervous_system;glioma
A204;UNCLASSIFIED;soft_tissue;rhabdomyosarcoma
A204;UNCLASSIFIED;soft_tissue;rhabdomyosarcoma
A2058;SKCM;skin;melanoma
A2058;SKCM;skin;melanoma
A253;UNCLASSIFIED;aero_digestive_tract;head_and_neck
A253;UNCLASSIFIED;aero_digestive_tract;head_and_neck
A2780;UNCLASSIFIED;urogenital_system;ovary
A2780;UNCLASSIFIED;urogenital_system;ovary
A3-KAW;DLBC;blood;B_cell_lymphoma
A3-KAW;DLBC;blood;B_cell_lymphoma
A375;SKCM;skin;melanoma
A375;SKCM;skin;melanoma
A388;UNCLASSIFIED;skin;skin_other
A4-Fuk;DLBC;blood;B_cell_lymphoma
A4-Fuk;DLBC;blood;B_cell_lymphoma
A427;UNCLASSIFIED;lung;lung_NSCLC_not_specified
A427;UNCLASSIFIED;lung;lung_NSCLC_not_specified
A431;UNCLASSIFIED;skin;skin_other
A498;KIRC;kidney;kidney
A498;KIRC;kidney;kidney
A549;LUAD;lung;lung_NSCLC_adenocarcinoma
A549;LUAD;lung;lung_NSCLC_adenocarcinoma
A673;UNCLASSIFIED;soft_tissue;rhabdomyosarcoma
A673;UNCLASSIFIED;soft_tissue;rhabdomyosarcoma
A704;KIRC;kidney;kidney
A704;KIRC;kidney;kidney
ABC-1;LUAD;lung;lung_NSCLC_adenocarcinoma
ABC-1;LUAD;lung;lung_NSCLC_adenocarcinoma
ACHN;KIRC;kidney;kidney
ACHN;KIRC;kidney;kidney
AGS;STAD;digestive_system;stomach
AGS;STAD;digestive_system;stomach
ALL-PO;ALL;blood;lymphoblastic_leukemia
ALL-PO;ALL;blood;lymphoblastic_leukemia
ALL-SIL;ALL;blood;T_cell_leukemia
ALL-SIL;ALL;blood;T_cell_leukemia
AM-38;GBM;nervous_system;glioma
AM-38;GBM;nervous_system;glioma
AMO-1;MM;blood;haematopoietic_neoplasm_other
AMO-1;MM;blood;haematopoietic_neoplasm_other
AN3-CA;UCEC;urogenital_system;endometrium
AN3-CA;UCEC;urogenital_system;endometrium
ARH-77;MM;blood;myeloma
ARH-77;MM;blood;myeloma
ASH-3;THCA;thyroid;thyroid
ASH-3;THCA;thyroid;thyroid
ATN-1;ALL;blood;lymphoblastic_T_cell_leukaemia
ATN-1;ALL;blood;lymphoblastic_T_cell_leukaemia
AU565;BRCA;breast;breast
AU565;BRCA;breast;breast
AsPC-1;PAAD;pancreas;pancreas
AsPC-1;PAAD;pancreas;pancreas
B-CPAP;THCA;thyroid;thyroid
B-CPAP;THCA;thyroid;thyroid
BALL-1;UNCLASSIFIED;blood;B_cell_leukemia
BALL-1;UNCLASSIFIED;blood;B_cell_leukemia
BB30-HNC;HNSC;aero_digestive_tract;head_and_neck
BB49-HNC;HNSC;aero_digestive_tract;head_and_neck
BB49-HNC;HNSC;aero_digestive_tract;head_and_neck
BB65-RCC;KIRC;kidney;kidney
BC-1;DLBC;blood;B_cell_lymphoma
BC-1;DLBC;blood;B_cell_lymphoma
BC-3;DLBC;blood;B_cell_lymphoma
BE-13;ALL;blood;lymphoblastic_leukemia
BE-13;ALL;blood;lymphoblastic_leukemia
BE2-M17;NB;nervous_system;neuroblastoma
BE2-M17;NB;nervous_system;neuroblastoma
BEN;UNCLASSIFIED;lung;lung_NSCLC_not_specified
BFTC-905;BLCA;urogenital_system;bladder
BFTC-905;BLCA;urogenital_system;bladder
BFTC-909;KIRC;kidney;kidney
BFTC-909;KIRC;kidney;kidney
BHT-101;THCA;thyroid;thyroid
BHT-101;THCA;thyroid;thyroid
BHY;HNSC;aero_digestive_tract;head_and_neck
BICR10;HNSC;aero_digestive_tract;head_and_neck
BICR10;HNSC;aero_digestive_tract;head_and_neck
BICR22;HNSC;aero_digestive_tract;head_and_neck
BICR22;HNSC;aero_digestive_tract;head_and_neck
BICR31;HNSC;aero_digestive_tract;head_and_neck
BICR78;HNSC;aero_digestive_tract;head_and_neck
BICR78;HNSC;aero_digestive_tract;head_and_neck
BL-41;UNCLASSIFIED;blood;Burkitt_lymphoma
BL-41;UNCLASSIFIED;blood;Burkitt_lymphoma
BPH-1;UNCLASSIFIED;urogenital_system;prostate
BPH-1;UNCLASSIFIED;urogenital_system;prostate
BT-20;BRCA;breast;breast
BT-20;BRCA;breast;breast
BT-474;BRCA;breast;breast
BT-474;BRCA;breast;breast
BT-483;BRCA;breast;breast
BT-483;BRCA;breast;breast
BT-549;BRCA;breast;breast
BT-549;BRCA;breast;breast
BV-173;LCML;blood;chronic_myeloid_leukaemia
BV-173;LCML;blood;chronic_myeloid_leukaemia
Becker;GBM;nervous_system;glioma
Becker;GBM;nervous_system;glioma
BxPC-3;PAAD;pancreas;pancreas
BxPC-3;PAAD;pancreas;pancreas
C-33-A;CESC;urogenital_system;cervix
C-33-A;CESC;urogenital_system;cervix
C-4-I;CESC;urogenital_system;cervix
C-4-I;CESC;urogenital_system;cervix
C2BBe1;COREAD;digestive_system;large_intestine
C2BBe1;COREAD;digestive_system;large_intestine
C32;SKCM;skin;melanoma
C32;SKCM;skin;melanoma
C3A;LIHC;digestive_system;liver
C3A;LIHC;digestive_system;liver
CA46;UNCLASSIFIED;blood;Burkitt_lymphoma
CA46;UNCLASSIFIED;blood;Burkitt_lymphoma
CADO-ES1;UNCLASSIFIED;bone;ewings_sarcoma
CADO-ES1;UNCLASSIFIED;bone;ewings_sarcoma
CAKI-1;KIRC;kidney;kidney
CAL-120;BRCA;breast;breast
CAL-120;BRCA;breast;breast
CAL-12T;UNCLASSIFIED;lung;lung_NSCLC_not_specified
CAL-148;BRCA;breast;breast
CAL-148;BRCA;breast;breast
CAL-27;HNSC;aero_digestive_tract;head_and_neck
CAL-27;HNSC;aero_digestive_tract;head_and_neck
CAL-29;BLCA;urogenital_system;bladder
CAL-29;BLCA;urogenital_system;bladder
CAL-33;HNSC;aero_digestive_tract;head_and_neck
CAL-33;HNSC;aero_digestive_tract;head_and_neck
CAL-39;CESC;urogenital_system;cervix
CAL-39;CESC;urogenital_system;cervix
CAL-51;BRCA;breast;breast
CAL-51;BRCA;breast;breast
CAL-54;KIRC;kidney;kidney
CAL-54;KIRC;kidney;kidney
CAL-62;THCA;thyroid;thyroid
CAL-62;THCA;thyroid;thyroid
CAL-72;UNCLASSIFIED;bone;osteosarcoma
CAL-72;UNCLASSIFIED;bone;osteosarcoma
CAL-78;UNCLASSIFIED;bone;chondrosarcoma
CAL-78;UNCLASSIFIED;bone;chondrosarcoma
CAL-85-1;BRCA;breast;breast
CAL-85-1;BRCA;breast;breast
CAMA-1;BRCA;breast;breast
CAMA-1;BRCA;breast;breast
CAPAN-1;PAAD;pancreas;pancreas
CAPAN-1;PAAD;pancreas;pancreas
CAPAN-2;PAAD;pancreas;pancreas
CAPAN-2;PAAD;pancreas;pancreas
CAS-1;GBM;nervous_system;glioma
CAS-1;GBM;nervous_system;glioma
CCF-STTG1;GBM;nervous_system;glioma
CCK-81;COREAD;digestive_system;large_intestine
CCK-81;COREAD;digestive_system;large_intestine
CCRF-CEM;ALL;blood;lymphoblastic_leukemia
CCRF-CEM;ALL;blood;lymphoblastic_leukemia
CESS;LAML;blood;acute_myeloid_leukaemia
CESS;LAML;blood;acute_myeloid_leukaemia
CFPAC-1;PAAD;pancreas;pancreas
CFPAC-1;PAAD;pancreas;pancreas
CGTH-W-1;THCA;thyroid;thyroid
CGTH-W-1;THCA;thyroid;thyroid
CHL-1;SKCM;skin;melanoma
CHL-1;SKCM;skin;melanoma
CHP-126;NB;nervous_system;neuroblastoma
CHP-134;NB;nervous_system;neuroblastoma
CHP-134;NB;nervous_system;neuroblastoma
CHP-212;NB;nervous_system;neuroblastoma
CHP-212;NB;nervous_system;neuroblastoma
CHSA0011;UNCLASSIFIED;bone;chondrosarcoma
CHSA0108;UNCLASSIFIED;bone;chondrosarcoma
CHSA8926;UNCLASSIFIED;bone;chondrosarcoma
CHSA8926;UNCLASSIFIED;bone;chondrosarcoma
CL-11;COREAD;digestive_system;large_intestine
CL-11;COREAD;digestive_system;large_intestine
CL-34;COREAD;digestive_system;large_intestine
CL-34;COREAD;digestive_system;large_intestine
CL-40;COREAD;digestive_system;large_intestine
CL-40;COREAD;digestive_system;large_intestine
CMK;LAML;blood;acute_myeloid_leukaemia
CML-T1;LCML;blood;chronic_myeloid_leukaemia
CML-T1;LCML;blood;chronic_myeloid_leukaemia
COLO-205;COREAD;digestive_system;large_intestine
COLO-205;COREAD;digestive_system;large_intestine
COLO-320-HSR;COREAD;digestive_system;large_intestine
COLO-320-HSR;COREAD;digestive_system;large_intestine
COLO-668;SCLC;lung;lung_small_cell_carcinoma
COLO-668;SCLC;lung;lung_small_cell_carcinoma
COLO-678;COREAD;digestive_system;large_intestine
COLO-678;COREAD;digestive_system;large_intestine
COLO-679;SKCM;skin;melanoma
COLO-679;SKCM;skin;melanoma
COLO-680N;ESCA;aero_digestive_tract;oesophagus
COLO-680N;ESCA;aero_digestive_tract;oesophagus
COLO-684;UCEC;urogenital_system;endometrium
COLO-684;UCEC;urogenital_system;endometrium
COLO-783;SKCM;skin;melanoma
COLO-792;SKCM;skin;melanoma
COLO-792;SKCM;skin;melanoma
COLO-800;SKCM;skin;melanoma
COLO-824;BRCA;breast;breast
COLO-824;BRCA;breast;breast
COLO-829;SKCM;skin;melanoma
COLO-829;SKCM;skin;melanoma
COR-L105;LUAD;lung;lung_NSCLC_adenocarcinoma
COR-L105;LUAD;lung;lung_NSCLC_adenocarcinoma
COR-L23;UNCLASSIFIED;lung;lung_NSCLC_large_cell
COR-L23;UNCLASSIFIED;lung;lung_NSCLC_large_cell
COR-L279;SCLC;lung;lung_small_cell_carcinoma
COR-L279;SCLC;lung;lung_small_cell_carcinoma
COR-L303;SCLC;lung;lung_small_cell_carcinoma
COR-L311;SCLC;lung;lung_small_cell_carcinoma
COR-L311;SCLC;lung;lung_small_cell_carcinoma
COR-L32;SCLC;lung;lung_small_cell_carcinoma
COR-L32;SCLC;lung;lung_small_cell_carcinoma
COR-L321;UNCLASSIFIED;lung;lung_other
COR-L88;SCLC;lung;lung_small_cell_carcinoma
COR-L88;SCLC;lung;lung_small_cell_carcinoma
COR-L95;SCLC;lung;lung_small_cell_carcinoma
COR-L95;SCLC;lung;lung_small_cell_carcinoma
CP50-MEL-B;SKCM;skin;melanoma
CP66-MEL;SKCM;skin;melanoma
CP66-MEL;SKCM;skin;melanoma
CP67-MEL;SKCM;skin;melanoma
CPC-N;SCLC;lung;lung_small_cell_carcinoma
CPC-N;SCLC;lung;lung_small_cell_carcinoma
CRO-AP2;DLBC;blood;B_cell_lymphoma
CS1;UNCLASSIFIED;bone;bone_other
CS1;UNCLASSIFIED;bone;bone_other
CTB-1;DLBC;blood;B_cell_lymphoma
CTV-1;LAML;blood;acute_myeloid_leukaemia
CTV-1;LAML;blood;acute_myeloid_leukaemia
CW-2;COREAD;digestive_system;large_intestine
CW-2;COREAD;digestive_system;large_intestine
Ca-Ski;CESC;urogenital_system;cervix
Ca-Ski;CESC;urogenital_system;cervix
Ca9-22;HNSC;aero_digestive_tract;head_and_neck
Ca9-22;HNSC;aero_digestive_tract;head_and_neck
CaR-1;COREAD;digestive_system;large_intestine
CaR-1;COREAD;digestive_system;large_intestine
Calu-3;LUAD;lung;lung_NSCLC_adenocarcinoma
Calu-3;LUAD;lung;lung_NSCLC_adenocarcinoma
Calu-6;LUAD;lung;lung_NSCLC_adenocarcinoma
Calu-6;LUAD;lung;lung_NSCLC_adenocarcinoma
Caov-3;OV;urogenital_system;ovary
Caov-4;OV;urogenital_system;ovary
Caov-4;OV;urogenital_system;ovary
ChaGo-K-1;UNCLASSIFIED;lung;lung_NSCLC_not_specified
D-247MG;GBM;nervous_system;glioma
D-263MG;GBM;nervous_system;glioma
D-263MG;GBM;nervous_system;glioma
D-283MED;MB;nervous_system;medulloblastoma
D-283MED;MB;nervous_system;medulloblastoma
D-336MG;LGG;nervous_system;glioma
D-392MG;GBM;nervous_system;glioma
D-392MG;GBM;nervous_system;glioma
D-423MG;GBM;nervous_system;glioma
D-502MG;LGG;nervous_system;glioma
D-542MG;GBM;nervous_system;glioma
D-566MG;GBM;nervous_system;glioma
DAN-G;PAAD;pancreas;pancreas
DAN-G;PAAD;pancreas;pancreas
DB;DLBC;blood;B_cell_lymphoma
DB;DLBC;blood;B_cell_lymphoma
DBTRG-05MG;GBM;nervous_system;glioma
DBTRG-05MG;GBM;nervous_system;glioma
DEL;UNCLASSIFIED;blood;lymphoid_neoplasm_other
DEL;UNCLASSIFIED;blood;lymphoid_neoplasm_other
DG-75;UNCLASSIFIED;blood;Burkitt_lymphoma
DG-75;UNCLASSIFIED;blood;Burkitt_lymphoma
DJM-1;UNCLASSIFIED;skin;skin_other
DK-MG;GBM;nervous_system;glioma
DK-MG;GBM;nervous_system;glioma
DMS-114;SCLC;lung;lung_small_cell_carcinoma
DMS-114;SCLC;lung;lung_small_cell_carcinoma
DMS-273;SCLC;lung;lung_small_cell_carcinoma
DMS-273;SCLC;lung;lung_small_cell_carcinoma
DMS-53;SCLC;lung;lung_small_cell_carcinoma
DMS-53;SCLC;lung;lung_small_cell_carcinoma
DMS-79;SCLC;lung;lung_small_cell_carcinoma
DMS-79;SCLC;lung;lung_small_cell_carcinoma
DND-41;ALL;blood;T_cell_leukemia
DND-41;ALL;blood;T_cell_leukemia
DOHH-2;DLBC;blood;B_cell_lymphoma
DOHH-2;DLBC;blood;B_cell_lymphoma
DOK;HNSC;aero_digestive_tract;head_and_neck
DOK;HNSC;aero_digestive_tract;head_and_neck
DOV13;OV;urogenital_system;ovary
DOV13;OV;urogenital_system;ovary
DSH1;BLCA;urogenital_system;bladder
DSH1;BLCA;urogenital_system;bladder
DU-145;PRAD;urogenital_system;prostate
DU-145;PRAD;urogenital_system;prostate
DU-4475;BRCA;breast;breast
DU-4475;BRCA;breast;breast
Daoy;MB;nervous_system;medulloblastoma
Daoy;MB;nervous_system;medulloblastoma
Daudi;UNCLASSIFIED;blood;Burkitt_lymphoma
Daudi;UNCLASSIFIED;blood;Burkitt_lymphoma
Detroit562;HNSC;aero_digestive_tract;head_and_neck
Detroit562;HNSC;aero_digestive_tract;head_and_neck
DiFi;COREAD;digestive_system;large_intestine
DiFi;COREAD;digestive_system;large_intestine
DoTc2-4510;CESC;urogenital_system;cervix
DoTc2-4510;CESC;urogenital_system;cervix
EB-3;UNCLASSIFIED;blood;Burkitt_lymphoma
EB-3;UNCLASSIFIED;blood;Burkitt_lymphoma
EB2;UNCLASSIFIED;blood;Burkitt_lymphoma
EB2;UNCLASSIFIED;blood;Burkitt_lymphoma
EBC-1;LUSC;lung;lung_NSCLC_squamous_cell_carcinoma
EBC-1;LUSC;lung;lung_NSCLC_squamous_cell_carcinoma
EC-GI-10;ESCA;aero_digestive_tract;oesophagus
EC-GI-10;ESCA;aero_digestive_tract;oesophagus
ECC10;UNCLASSIFIED;digestive_system;stomach
ECC10;UNCLASSIFIED;digestive_system;stomach
ECC12;UNCLASSIFIED;digestive_system;stomach
ECC12;UNCLASSIFIED;digestive_system;stomach
EFM-19;BRCA;breast;breast
EFM-19;BRCA;breast;breast
EFM-192A;BRCA;breast;breast
EFM-192A;BRCA;breast;breast
EFO-21;OV;urogenital_system;ovary
EFO-21;OV;urogenital_system;ovary
EFO-27;UNCLASSIFIED;urogenital_system;ovary
EFO-27;UNCLASSIFIED;urogenital_system;ovary
EGI-1;UNCLASSIFIED;digestive_system;biliary_tract
EGI-1;UNCLASSIFIED;digestive_system;biliary_tract
EHEB;CLL;blood;lymphoid_neoplasm_other
EJM;MM;blood;lymphoid_neoplasm_other
EJM;MM;blood;lymphoid_neoplasm_other
EKVX;LUAD;lung;lung_NSCLC_adenocarcinoma
EKVX;LUAD;lung;lung_NSCLC_adenocarcinoma
EM-2;LCML;blood;chronic_myeloid_leukaemia
EM-2;LCML;blood;chronic_myeloid_leukaemia
EMC-BAC-1;LUAD;lung;lung_NSCLC_adenocarcinoma
EMC-BAC-2;LUAD;lung;lung_NSCLC_adenocarcinoma
EMC-BAC-2;LUAD;lung;lung_NSCLC_adenocarcinoma
EN;UCEC;urogenital_system;endometrium
EN;UCEC;urogenital_system;endometrium
EPLC-272H;LUSC;lung;lung_NSCLC_squamous_cell_carcinoma
EPLC-272H;LUSC;lung;lung_NSCLC_squamous_cell_carcinoma
ES-2;UNCLASSIFIED;urogenital_system;ovary
ES-2;UNCLASSIFIED;urogenital_system;ovary
ES1;UNCLASSIFIED;bone;ewings_sarcoma
ES1;UNCLASSIFIED;bone;ewings_sarcoma
ES3;UNCLASSIFIED;bone;ewings_sarcoma
ES4;UNCLASSIFIED;bone;ewings_sarcoma
ES4;UNCLASSIFIED;bone;ewings_sarcoma
ES5;UNCLASSIFIED;bone;ewings_sarcoma
ES5;UNCLASSIFIED;bone;ewings_sarcoma
ES6;UNCLASSIFIED;bone;ewings_sarcoma
ES6;UNCLASSIFIED;bone;ewings_sarcoma
ES7;UNCLASSIFIED;bone;ewings_sarcoma
ES7;UNCLASSIFIED;bone;ewings_sarcoma
ES8;UNCLASSIFIED;bone;ewings_sarcoma
ES8;UNCLASSIFIED;bone;ewings_sarcoma
ESO26;ESCA;aero_digestive_tract;oesophagus
ESO26;ESCA;aero_digestive_tract;oesophagus
ESO51;ESCA;aero_digestive_tract;oesophagus
ESO51;ESCA;aero_digestive_tract;oesophagus
ESS-1;UNCLASSIFIED;urogenital_system;endometrium
ESS-1;UNCLASSIFIED;urogenital_system;endometrium
ETK-1;UNCLASSIFIED;digestive_system;biliary_tract
ETK-1;UNCLASSIFIED;digestive_system;biliary_tract
EVSA-T;BRCA;breast;breast
EVSA-T;BRCA;breast;breast
EW-1;UNCLASSIFIED;bone;ewings_sarcoma
EW-1;UNCLASSIFIED;bone;ewings_sarcoma
EW-11;UNCLASSIFIED;bone;ewings_sarcoma
EW-11;UNCLASSIFIED;bone;ewings_sarcoma
EW-12;UNCLASSIFIED;bone;ewings_sarcoma
EW-13;UNCLASSIFIED;bone;ewings_sarcoma
EW-13;UNCLASSIFIED;bone;ewings_sarcoma
EW-16;UNCLASSIFIED;bone;ewings_sarcoma
EW-16;UNCLASSIFIED;bone;ewings_sarcoma
EW-18;UNCLASSIFIED;bone;ewings_sarcoma
EW-18;UNCLASSIFIED;bone;ewings_sarcoma
EW-22;UNCLASSIFIED;bone;ewings_sarcoma
EW-22;UNCLASSIFIED;bone;ewings_sarcoma
EW-24;UNCLASSIFIED;bone;ewings_sarcoma
EW-24;UNCLASSIFIED;bone;ewings_sarcoma
EW-3;UNCLASSIFIED;bone;ewings_sarcoma
EW-3;UNCLASSIFIED;bone;ewings_sarcoma
EW-7;UNCLASSIFIED;bone;ewings_sarcoma
EW-7;UNCLASSIFIED;bone;ewings_sarcoma
EoL-1-cell;UNCLASSIFIED;blood;haematopoietic_neoplasm_other
EoL-1-cell;UNCLASSIFIED;blood;haematopoietic_neoplasm_other
FADU;HNSC;aero_digestive_tract;head_and_neck
FADU;HNSC;aero_digestive_tract;head_and_neck
FLO-1;ESCA;aero_digestive_tract;oesophagus
FLO-1;ESCA;aero_digestive_tract;oesophagus
FTC-133;THCA;thyroid;thyroid
FTC-133;THCA;thyroid;thyroid
FU-OV-1;OV;urogenital_system;ovary
FU-OV-1;OV;urogenital_system;ovary
FU97;STAD;digestive_system;stomach
FU97;STAD;digestive_system;stomach
Farage;DLBC;blood;B_cell_lymphoma
Farage;DLBC;blood;B_cell_lymphoma
G-292-Clone-A141B1;UNCLASSIFIED;bone;osteosarcoma
G-292-Clone-A141B1;UNCLASSIFIED;bone;osteosarcoma
G-361;SKCM;skin;melanoma
G-361;SKCM;skin;melanoma
G-401;UNCLASSIFIED;kidney;kidney
G-401;UNCLASSIFIED;kidney;kidney
G-402;UNCLASSIFIED;soft_tissue;soft_tissue_other
G-402;UNCLASSIFIED;soft_tissue;soft_tissue_other
G-MEL;SKCM;skin;melanoma
G-MEL;SKCM;skin;melanoma
GA-10;UNCLASSIFIED;blood;Burkitt_lymphoma
GA-10;UNCLASSIFIED;blood;Burkitt_lymphoma
GAK;SKCM;skin;melanoma
GAK;SKCM;skin;melanoma
GAMG;LGG;nervous_system;glioma
GAMG;LGG;nervous_system;glioma
GB-1;GBM;nervous_system;glioma
GB-1;GBM;nervous_system;glioma
GCIY;STAD;digestive_system;stomach
GCIY;STAD;digestive_system;stomach
GCT;UNCLASSIFIED;soft_tissue;soft_tissue_other
GCT;UNCLASSIFIED;soft_tissue;soft_tissue_other
GDM-1;LAML;blood;acute_myeloid_leukaemia
GDM-1;LAML;blood;acute_myeloid_leukaemia
GI-1;LGG;nervous_system;glioma
GI-1;LGG;nervous_system;glioma
GI-ME-N;NB;nervous_system;neuroblastoma
GI-ME-N;NB;nervous_system;neuroblastoma
GMS-10;GBM;nervous_system;glioma
GMS-10;GBM;nervous_system;glioma
GOTO;NB;nervous_system;neuroblastoma
GOTO;NB;nervous_system;neuroblastoma
GP5d;COREAD;digestive_system;large_intestine
GP5d;COREAD;digestive_system;large_intestine
GR-ST;ALL;blood;lymphoblastic_leukemia
GR-ST;ALL;blood;lymphoblastic_leukemia
GRANTA-519;DLBC;blood;B_cell_lymphoma
GRANTA-519;DLBC;blood;B_cell_lymphoma
H-EMC-SS;UNCLASSIFIED;bone;chondrosarcoma
H-EMC-SS;UNCLASSIFIED;bone;chondrosarcoma
H3255;LUAD;lung;lung_NSCLC_adenocarcinoma
H3255;LUAD;lung;lung_NSCLC_adenocarcinoma
H4;LGG;nervous_system;glioma
H4;LGG;nervous_system;glioma
H9;UNCLASSIFIED;blood;lymphoid_neoplasm_other
H9;UNCLASSIFIED;blood;lymphoid_neoplasm_other
HA7-RCC;KIRC;kidney;kidney
HA7-RCC;KIRC;kidney;kidney
HAL-01;ALL;blood;lymphoblastic_leukemia
HAL-01;ALL;blood;lymphoblastic_leukemia
HARA;LUSC;lung;lung_NSCLC_squamous_cell_carcinoma
HARA;LUSC;lung;lung_NSCLC_squamous_cell_carcinoma
HC-1;UNCLASSIFIED;blood;hairy_cell_leukaemia
HC-1;UNCLASSIFIED;blood;hairy_cell_leukaemia
HCC-15;LUSC;lung;lung_NSCLC_squamous_cell_carcinoma
HCC-15;LUSC;lung;lung_NSCLC_squamous_cell_carcinoma
HCC-33;SCLC;lung;lung_small_cell_carcinoma
HCC-366;UNCLASSIFIED;lung;lung_NSCLC_not_specified
HCC-366;UNCLASSIFIED;lung;lung_NSCLC_not_specified
HCC-44;LUAD;lung;lung_NSCLC_adenocarcinoma
HCC-44;LUAD;lung;lung_NSCLC_adenocarcinoma
HCC-78;LUAD;lung;lung_NSCLC_adenocarcinoma
HCC-78;LUAD;lung;lung_NSCLC_adenocarcinoma
HCC-827;LUAD;lung;lung_NSCLC_adenocarcinoma
HCC-827;LUAD;lung;lung_NSCLC_adenocarcinoma
HCC1143;BRCA;breast;breast
HCC1143;BRCA;breast;breast
HCC1187;BRCA;breast;breast
HCC1187;BRCA;breast;breast
HCC1395;BRCA;breast;breast
HCC1395;BRCA;breast;breast
HCC1419;BRCA;breast;breast
HCC1419;BRCA;breast;breast
HCC1428;BRCA;breast;breast
HCC1428;BRCA;breast;breast
HCC1500;BRCA;breast;breast
HCC1500;BRCA;breast;breast
HCC1569;BRCA;breast;breast
HCC1569;BRCA;breast;breast
HCC1599;BRCA;breast;breast
HCC1599;BRCA;breast;breast
HCC1806;UNCLASSIFIED;breast;breast
HCC1806;UNCLASSIFIED;breast;breast
HCC1937;BRCA;breast;breast
HCC1937;BRCA;breast;breast
HCC1954;BRCA;breast;breast
HCC1954;BRCA;breast;breast
HCC202;BRCA;breast;breast
HCC202;BRCA;breast;breast
HCC2157;BRCA;breast;breast
HCC2157;BRCA;breast;breast
HCC2218;BRCA;breast;breast
HCC2218;BRCA;breast;breast
HCC2998;COREAD;digestive_system;large_intestine
HCC2998;COREAD;digestive_system;large_intestine
HCC38;BRCA;breast;breast
HCC38;BRCA;breast;breast
HCC70;BRCA;breast;breast
HCC70;BRCA;breast;breast
HCE-4;ESCA;aero_digestive_tract;oesophagus
HCT-116;COREAD;digestive_system;large_intestine
HCT-116;COREAD;digestive_system;large_intestine
HCT-15;COREAD;digestive_system;large_intestine
HCT-15;COREAD;digestive_system;large_intestine
HD-MY-Z;UNCLASSIFIED;blood;Hodgkin_lymphoma
HD-MY-Z;UNCLASSIFIED;blood;Hodgkin_lymphoma
HDLM-2;UNCLASSIFIED;blood;Hodgkin_lymphoma
HDLM-2;UNCLASSIFIED;blood;Hodgkin_lymphoma
HDQ-P1;BRCA;breast;breast
HDQ-P1;BRCA;breast;breast
HEC-1;UCEC;urogenital_system;endometrium
HEC-1;UCEC;urogenital_system;endometrium
HEL;LAML;blood;acute_myeloid_leukaemia
HEL;LAML;blood;acute_myeloid_leukaemia
HGC-27;STAD;digestive_system;stomach
HGC-27;STAD;digestive_system;stomach
HH;UNCLASSIFIED;blood;T_cell_leukemia
HH;UNCLASSIFIED;blood;T_cell_leukemia
HL-60;LAML;blood;acute_myeloid_leukaemia
HL-60;LAML;blood;acute_myeloid_leukaemia
HLE;LIHC;digestive_system;liver
HLE;LIHC;digestive_system;liver
HMV-II;SKCM;skin;melanoma
HMV-II;SKCM;skin;melanoma
HN;HNSC;aero_digestive_tract;head_and_neck
HO-1-N-1;HNSC;aero_digestive_tract;head_and_neck
HO-1-N-1;HNSC;aero_digestive_tract;head_and_neck
HO-1-u-1;HNSC;aero_digestive_tract;head_and_neck
HO-1-u-1;HNSC;aero_digestive_tract;head_and_neck
HOP-62;LUAD;lung;lung_NSCLC_adenocarcinoma
HOP-62;LUAD;lung;lung_NSCLC_adenocarcinoma
HOP-92;UNCLASSIFIED;lung;lung_NSCLC_large_cell
HOP-92;UNCLASSIFIED;lung;lung_NSCLC_large_cell
HOS;UNCLASSIFIED;bone;osteosarcoma
HOS;UNCLASSIFIED;bone;osteosarcoma
HPAC;PAAD;pancreas;pancreas
HPAC;PAAD;pancreas;pancreas
HPAF-II;PAAD;pancreas;pancreas
HPAF-II;PAAD;pancreas;pancreas
HSC-2;HNSC;aero_digestive_tract;head_and_neck
HSC-2;HNSC;aero_digestive_tract;head_and_neck
HSC-3;HNSC;aero_digestive_tract;head_and_neck
HSC-3;HNSC;aero_digestive_tract;head_and_neck
HSC-39;STAD;digestive_system;stomach
HSC-39;STAD;digestive_system;stomach
HSC-4;HNSC;aero_digestive_tract;head_and_neck
HSC-4;HNSC;aero_digestive_tract;head_and_neck
HT;DLBC;blood;B_cell_lymphoma
HT-1080;UNCLASSIFIED;soft_tissue;fibrosarcoma
HT-1080;UNCLASSIFIED;soft_tissue;fibrosarcoma
HT-115;COREAD;digestive_system;large_intestine
HT-115;COREAD;digestive_system;large_intestine
HT-1197;BLCA;urogenital_system;bladder
HT-1197;BLCA;urogenital_system;bladder
HT-1376;BLCA;urogenital_system;bladder
HT-1376;BLCA;urogenital_system;bladder
HT-144;SKCM;skin;melanoma
HT-144;SKCM;skin;melanoma
HT-29;COREAD;digestive_system;large_intestine
HT-29;COREAD;digestive_system;large_intestine
HT-3;CESC;urogenital_system;cervix
HT-3;CESC;urogenital_system;cervix
HT55;COREAD;digestive_system;large_intestine
HT55;COREAD;digestive_system;large_intestine
HTC-C3;THCA;thyroid;thyroid
HTC-C3;THCA;thyroid;thyroid
HeLa;CESC;urogenital_system;cervix
HeLa;CESC;urogenital_system;cervix
Hep3B2-1-7;LIHC;digestive_system;liver
Hep3B2-1-7;LIHC;digestive_system;liver
Hey;OV;urogenital_system;ovary
Hey;OV;urogenital_system;ovary
Hs-445;UNCLASSIFIED;blood;Hodgkin_lymphoma
Hs-445;UNCLASSIFIED;blood;Hodgkin_lymphoma
Hs-578-T;BRCA;breast;breast
Hs-578-T;BRCA;breast;breast
Hs-633T;UNCLASSIFIED;soft_tissue;fibrosarcoma
Hs-633T;UNCLASSIFIED;soft_tissue;fibrosarcoma
Hs-683;LGG;nervous_system;glioma
Hs-746T;STAD;digestive_system;stomach
Hs-746T;STAD;digestive_system;stomach
Hs-766T;PAAD;pancreas;pancreas
Hs-766T;PAAD;pancreas;pancreas
Hs-939-T;SKCM;skin;melanoma
Hs-940-T;SKCM;skin;melanoma
HuCCT1;UNCLASSIFIED;digestive_system;biliary_tract
HuCCT1;UNCLASSIFIED;digestive_system;biliary_tract
HuH-7;LIHC;digestive_system;liver
HuH-7;LIHC;digestive_system;liver
HuO-3N1;UNCLASSIFIED;bone;osteosarcoma
HuO-3N1;UNCLASSIFIED;bone;osteosarcoma
HuO9;UNCLASSIFIED;bone;osteosarcoma
HuO9;UNCLASSIFIED;bone;osteosarcoma
HuP-T3;PAAD;pancreas;pancreas
HuP-T3;PAAD;pancreas;pancreas
HuP-T4;PAAD;pancreas;pancreas
HuP-T4;PAAD;pancreas;pancreas
HuTu-80;UNCLASSIFIED;digestive_system;digestive_system_other
HuTu-80;UNCLASSIFIED;digestive_system;digestive_system_other
IA-LM;UNCLASSIFIED;lung;lung_NSCLC_large_cell
IA-LM;UNCLASSIFIED;lung;lung_NSCLC_large_cell
IGR-1;SKCM;skin;melanoma
IGR-1;SKCM;skin;melanoma
IGR-37;SKCM;skin;melanoma
IGR-37;SKCM;skin;melanoma
IGROV-1;OV;urogenital_system;ovary
IGROV-1;OV;urogenital_system;ovary
IHH-4;THCA;thyroid;thyroid
IHH-4;THCA;thyroid;thyroid
IM-9;MM;blood;myeloma
IM-9;MM;blood;myeloma
IM-95;STAD;digestive_system;stomach
IM-95;STAD;digestive_system;stomach
IMR-5;NB;nervous_system;neuroblastoma
IMR-5;NB;nervous_system;neuroblastoma
IPC-298;SKCM;skin;melanoma
IST-MEL1;SKCM;skin;melanoma
IST-MEL1;SKCM;skin;melanoma
IST-MES1;MESO;lung;mesothelioma
IST-MES1;MESO;lung;mesothelioma
IST-SL1;SCLC;lung;lung_small_cell_carcinoma
IST-SL2;SCLC;lung;lung_small_cell_carcinoma
IST-SL2;SCLC;lung;lung_small_cell_carcinoma
J82;BLCA;urogenital_system;bladder
J82;BLCA;urogenital_system;bladder
JAR;UNCLASSIFIED;urogenital_system;urogenital_system_other
JEG-3;UNCLASSIFIED;urogenital_system;urogenital_system_other
JEKO-1;DLBC;blood;B_cell_lymphoma
JHH-1;LIHC;digestive_system;liver
JHH-1;LIHC;digestive_system;liver
JHH-2;LIHC;digestive_system;liver
JHH-2;LIHC;digestive_system;liver
JHH-4;LIHC;digestive_system;liver
JHH-4;LIHC;digestive_system;liver
JHH-6;LIHC;digestive_system;liver
JHH-6;LIHC;digestive_system;liver
JHH-7;LIHC;digestive_system;liver
JHH-7;LIHC;digestive_system;liver
JHOS-2;OV;urogenital_system;ovary
JHOS-3;OV;urogenital_system;ovary
JHOS-4;OV;urogenital_system;ovary
JHU-011;HNSC;aero_digestive_tract;head_and_neck
JHU-022;HNSC;aero_digestive_tract;head_and_neck
JHU-022;HNSC;aero_digestive_tract;head_and_neck
JHU-029;HNSC;aero_digestive_tract;head_and_neck
JIMT-1;BRCA;breast;breast
JIMT-1;BRCA;breast;breast
JJN-3;MM;blood;haematopoietic_neoplasm_other
JJN-3;MM;blood;haematopoietic_neoplasm_other
JM1;DLBC;blood;B_cell_lymphoma
JSC-1;DLBC;blood;B_cell_lymphoma
JSC-1;DLBC;blood;B_cell_lymphoma
JURL-MK1;LCML;blood;chronic_myeloid_leukaemia
JURL-MK1;LCML;blood;chronic_myeloid_leukaemia
JVM-2;CLL;blood;lymphoid_neoplasm_other
JVM-2;CLL;blood;lymphoid_neoplasm_other
JVM-3;CLL;blood;lymphoid_neoplasm_other
JVM-3;CLL;blood;lymphoid_neoplasm_other
JiyoyeP-2003;UNCLASSIFIED;blood;Burkitt_lymphoma
JiyoyeP-2003;UNCLASSIFIED;blood;Burkitt_lymphoma
Jurkat;ALL;blood;T_cell_leukemia
Jurkat;ALL;blood;T_cell_leukemia
K-562;LCML;blood;chronic_myeloid_leukaemia
K-562;LCML;blood;chronic_myeloid_leukaemia
K2;SKCM;skin;melanoma
K5;THCA;thyroid;thyroid
K5;THCA;thyroid;thyroid
KALS-1;LGG;nervous_system;glioma
KALS-1;LGG;nervous_system;glioma
KARPAS-1106P;DLBC;blood;B_cell_lymphoma
KARPAS-1106P;DLBC;blood;B_cell_lymphoma
KARPAS-231;UNCLASSIFIED;blood;B_cell_leukemia
KARPAS-231;UNCLASSIFIED;blood;B_cell_leukemia
KARPAS-299;UNCLASSIFIED;blood;anaplastic_large_cell_lymphoma
KARPAS-299;UNCLASSIFIED;blood;anaplastic_large_cell_lymphoma
KARPAS-422;DLBC;blood;B_cell_lymphoma
KARPAS-422;DLBC;blood;B_cell_lymphoma
KARPAS-45;ALL;blood;lymphoblastic_leukemia
KARPAS-45;ALL;blood;lymphoblastic_leukemia
KARPAS-620;MM;blood;haematopoietic_neoplasm_other
KARPAS-620;MM;blood;haematopoietic_neoplasm_other
KASUMI-1;LAML;blood;acute_myeloid_leukaemia
KASUMI-1;LAML;blood;acute_myeloid_leukaemia
KATOIII;STAD;digestive_system;stomach
KATOIII;STAD;digestive_system;stomach
KCL-22;LCML;blood;chronic_myeloid_leukaemia
KCL-22;LCML;blood;chronic_myeloid_leukaemia
KE-37;ALL;blood;lymphoblastic_leukemia
KE-37;ALL;blood;lymphoblastic_leukemia
KELLY;NB;nervous_system;neuroblastoma
KELLY;NB;nervous_system;neuroblastoma
KG-1;LAML;blood;acute_myeloid_leukaemia
KG-1;LAML;blood;acute_myeloid_leukaemia
KGN;UNCLASSIFIED;urogenital_system;ovary
KGN;UNCLASSIFIED;urogenital_system;ovary
KINGS-1;LGG;nervous_system;glioma
KINGS-1;LGG;nervous_system;glioma
KLE;UCEC;urogenital_system;endometrium
KLE;UCEC;urogenital_system;endometrium
KM-H2;UNCLASSIFIED;blood;Hodgkin_lymphoma
KM-H2;UNCLASSIFIED;blood;Hodgkin_lymphoma
KM12;COREAD;digestive_system;large_intestine
KM12;COREAD;digestive_system;large_intestine
KMH-2;THCA;thyroid;thyroid
KMOE-2;LAML;blood;acute_myeloid_leukaemia
KMOE-2;LAML;blood;acute_myeloid_leukaemia
KMRC-1;KIRC;kidney;kidney
KMRC-1;KIRC;kidney;kidney
KMRC-20;KIRC;kidney;kidney
KMRC-20;KIRC;kidney;kidney
KMS-11;MM;blood;myeloma
KMS-12-BM;MM;blood;myeloma
KMS-12-BM;MM;blood;myeloma
KNS-42;LGG;nervous_system;glioma
KNS-62;LUSC;lung;lung_NSCLC_squamous_cell_carcinoma
KNS-62;LUSC;lung;lung_NSCLC_squamous_cell_carcinoma
KNS-81-FD;LGG;nervous_system;glioma
KON;HNSC;aero_digestive_tract;head_and_neck
KOPN-8;UNCLASSIFIED;blood;B_cell_leukemia
KOPN-8;UNCLASSIFIED;blood;B_cell_leukemia
KOSC-2;HNSC;aero_digestive_tract;head_and_neck
KP-1N;PAAD;pancreas;pancreas
KP-1N;PAAD;pancreas;pancreas
KP-2;PAAD;pancreas;pancreas
KP-2;PAAD;pancreas;pancreas
KP-3;UNCLASSIFIED;pancreas;pancreas
KP-3;UNCLASSIFIED;pancreas;pancreas
KP-4;PAAD;pancreas;pancreas
KP-4;PAAD;pancreas;pancreas
KP-N-RT-BM-1;NB;nervous_system;neuroblastoma
KP-N-YN;NB;nervous_system;neuroblastoma
KP-N-YN;NB;nervous_system;neuroblastoma
KP-N-YS;NB;nervous_system;neuroblastoma
KS-1;GBM;nervous_system;glioma
KS-1;GBM;nervous_system;glioma
KU-19-19;BLCA;urogenital_system;bladder
KU-19-19;BLCA;urogenital_system;bladder
KU812;LCML;blood;chronic_myeloid_leukaemia
KU812;LCML;blood;chronic_myeloid_leukaemia
KURAMOCHI;UNCLASSIFIED;urogenital_system;ovary
KURAMOCHI;UNCLASSIFIED;urogenital_system;ovary
KY821;LAML;blood;leukemia
KY821;LAML;blood;leukemia
KYAE-1;ESCA;aero_digestive_tract;oesophagus
KYAE-1;ESCA;aero_digestive_tract;oesophagus
KYM-1;UNCLASSIFIED;soft_tissue;rhabdomyosarcoma
KYM-1;UNCLASSIFIED;soft_tissue;rhabdomyosarcoma
KYSE-140;ESCA;aero_digestive_tract;oesophagus
KYSE-140;ESCA;aero_digestive_tract;oesophagus
KYSE-150;ESCA;aero_digestive_tract;oesophagus
KYSE-150;ESCA;aero_digestive_tract;oesophagus
KYSE-180;ESCA;aero_digestive_tract;oesophagus
KYSE-180;ESCA;aero_digestive_tract;oesophagus
KYSE-220;ESCA;aero_digestive_tract;oesophagus
KYSE-220;ESCA;aero_digestive_tract;oesophagus
KYSE-270;ESCA;aero_digestive_tract;oesophagus
KYSE-270;ESCA;aero_digestive_tract;oesophagus
KYSE-410;ESCA;aero_digestive_tract;oesophagus
KYSE-410;ESCA;aero_digestive_tract;oesophagus
KYSE-450;ESCA;aero_digestive_tract;oesophagus
KYSE-450;ESCA;aero_digestive_tract;oesophagus
KYSE-50;ESCA;aero_digestive_tract;oesophagus
KYSE-50;ESCA;aero_digestive_tract;oesophagus
KYSE-510;ESCA;aero_digestive_tract;oesophagus
KYSE-510;ESCA;aero_digestive_tract;oesophagus
KYSE-520;ESCA;aero_digestive_tract;oesophagus
KYSE-520;ESCA;aero_digestive_tract;oesophagus
KYSE-70;ESCA;aero_digestive_tract;oesophagus
KYSE-70;ESCA;aero_digestive_tract;oesophagus
L-1236;UNCLASSIFIED;blood;Hodgkin_lymphoma
L-1236;UNCLASSIFIED;blood;Hodgkin_lymphoma
L-363;MM;blood;myeloma
L-363;MM;blood;myeloma
L-428;UNCLASSIFIED;blood;Hodgkin_lymphoma
L-428;UNCLASSIFIED;blood;Hodgkin_lymphoma
L-540;UNCLASSIFIED;blood;Hodgkin_lymphoma
L-540;UNCLASSIFIED;blood;Hodgkin_lymphoma
LAMA-84;LCML;blood;chronic_myeloid_leukaemia
LAMA-84;LCML;blood;chronic_myeloid_leukaemia
LAN-6;NB;nervous_system;neuroblastoma
LB1047-RCC;KIRC;kidney;kidney
LB2241-RCC;KIRC;kidney;kidney
LB2518-MEL;SKCM;skin;melanoma
LB373-MEL-D;SKCM;skin;melanoma
LB647-SCLC;SCLC;lung;lung_small_cell_carcinoma
LB771-HNC;HNSC;aero_digestive_tract;head_and_neck
LB771-HNC;HNSC;aero_digestive_tract;head_and_neck
LB831-BLC;BLCA;urogenital_system;bladder
LB831-BLC;BLCA;urogenital_system;bladder
LB996-RCC;KIRC;kidney;kidney
LB996-RCC;KIRC;kidney;kidney
LC-1-sq;LUSC;lung;lung_NSCLC_squamous_cell_carcinoma
LC-1-sq;LUSC;lung;lung_NSCLC_squamous_cell_carcinoma
LC-2-ad;LUAD;lung;lung_NSCLC_adenocarcinoma
LC4-1;ALL;blood;lymphoblastic_leukemia
LC4-1;ALL;blood;lymphoblastic_leukemia
LCLC-103H;UNCLASSIFIED;lung;lung_NSCLC_large_cell
LCLC-103H;UNCLASSIFIED;lung;lung_NSCLC_large_cell
LCLC-97TM1;UNCLASSIFIED;lung;lung_NSCLC_large_cell
LCLC-97TM1;UNCLASSIFIED;lung;lung_NSCLC_large_cell
LK-2;LUSC;lung;lung_NSCLC_squamous_cell_carcinoma
LK-2;LUSC;lung;lung_NSCLC_squamous_cell_carcinoma
LN-18;GBM;nervous_system;glioma
LN-18;GBM;nervous_system;glioma
LN-229;GBM;nervous_system;glioma
LN-229;GBM;nervous_system;glioma
LN-405;GBM;nervous_system;glioma
LN-405;GBM;nervous_system;glioma
LNCaP-Clone-FGC;PRAD;urogenital_system;prostate
LNCaP-Clone-FGC;PRAD;urogenital_system;prostate
LNZTA3WT4;GBM;nervous_system;glioma
LNZTA3WT4;GBM;nervous_system;glioma
LOU-NH91;LUSC;lung;lung_NSCLC_squamous_cell_carcinoma
LOU-NH91;LUSC;lung;lung_NSCLC_squamous_cell_carcinoma
LOUCY;ALL;blood;lymphoblastic_T_cell_leukaemia
LOUCY;ALL;blood;lymphoblastic_T_cell_leukaemia
LOXIMVI;SKCM;skin;melanoma
LOXIMVI;SKCM;skin;melanoma
LP-1;MM;blood;myeloma
LP-1;MM;blood;myeloma
LS-1034;COREAD;digestive_system;large_intestine
LS-1034;COREAD;digestive_system;large_intestine
LS-123;COREAD;digestive_system;large_intestine
LS-123;COREAD;digestive_system;large_intestine
LS-180;COREAD;digestive_system;large_intestine
LS-180;COREAD;digestive_system;large_intestine
LS-411N;COREAD;digestive_system;large_intestine
LS-411N;COREAD;digestive_system;large_intestine
LS-513;COREAD;digestive_system;large_intestine
LS-513;COREAD;digestive_system;large_intestine
LU-134-A;SCLC;lung;lung_small_cell_carcinoma
LU-135;SCLC;lung;lung_small_cell_carcinoma
LU-135;SCLC;lung;lung_small_cell_carcinoma
LU-139;SCLC;lung;lung_small_cell_carcinoma
LU-139;SCLC;lung;lung_small_cell_carcinoma
LU-165;SCLC;lung;lung_small_cell_carcinoma
LU-165;SCLC;lung;lung_small_cell_carcinoma
LU-65;UNCLASSIFIED;lung;lung_NSCLC_large_cell
LU-65;UNCLASSIFIED;lung;lung_NSCLC_large_cell
LU-99A;UNCLASSIFIED;lung;lung_NSCLC_large_cell
LU-99A;UNCLASSIFIED;lung;lung_NSCLC_large_cell
LXF-289;LUAD;lung;lung_NSCLC_adenocarcinoma
LXF-289;LUAD;lung;lung_NSCLC_adenocarcinoma
LoVo;COREAD;digestive_system;large_intestine
LoVo;COREAD;digestive_system;large_intestine
M059J;GBM;nervous_system;glioma
M059J;GBM;nervous_system;glioma
M14;SKCM;skin;melanoma
M14;SKCM;skin;melanoma
MC-CAR;MM;blood;haematopoietic_neoplasm_other
MC-CAR;MM;blood;haematopoietic_neoplasm_other
MC-IXC;NB;nervous_system;neuroblastoma
MC116;DLBC;blood;B_cell_lymphoma
MCF7;BRCA;breast;breast
MCF7;BRCA;breast;breast
MDA-MB-157;BRCA;breast;breast
MDA-MB-157;BRCA;breast;breast
MDA-MB-175-VII;BRCA;breast;breast
MDA-MB-175-VII;BRCA;breast;breast
MDA-MB-231;BRCA;breast;breast
MDA-MB-231;BRCA;breast;breast
MDA-MB-330;BRCA;breast;breast
MDA-MB-330;BRCA;breast;breast
MDA-MB-361;BRCA;breast;breast
MDA-MB-361;BRCA;breast;breast
MDA-MB-415;BRCA;breast;breast
MDA-MB-415;BRCA;breast;breast
MDA-MB-436;BRCA;breast;breast
MDA-MB-436;BRCA;breast;breast
MDA-MB-453;BRCA;breast;breast
MDA-MB-453;BRCA;breast;breast
MDA-MB-468;BRCA;breast;breast
MDA-MB-468;BRCA;breast;breast
MDST8;COREAD;digestive_system;large_intestine
MDST8;COREAD;digestive_system;large_intestine
ME-1;LAML;blood;acute_myeloid_leukaemia
ME-1;LAML;blood;acute_myeloid_leukaemia
ME-180;CESC;urogenital_system;cervix
ME-180;CESC;urogenital_system;cervix
MEG-01;LCML;blood;chronic_myeloid_leukaemia
MEG-01;LCML;blood;chronic_myeloid_leukaemia
MEL-HO;SKCM;skin;melanoma
MEL-JUSO;SKCM;skin;melanoma
MEL-JUSO;SKCM;skin;melanoma
MES-SA;UNCLASSIFIED;urogenital_system;uterus
MES-SA;UNCLASSIFIED;urogenital_system;uterus
MFE-280;UCEC;urogenital_system;endometrium
MFE-280;UCEC;urogenital_system;endometrium
MFE-296;UCEC;urogenital_system;endometrium
MFE-296;UCEC;urogenital_system;endometrium
MFE-319;UCEC;urogenital_system;endometrium
MFE-319;UCEC;urogenital_system;endometrium
MFH-ino;UNCLASSIFIED;soft_tissue;soft_tissue_other
MFH-ino;UNCLASSIFIED;soft_tissue;soft_tissue_other
MFM-223;BRCA;breast;breast
MFM-223;BRCA;breast;breast
MG-63;UNCLASSIFIED;bone;osteosarcoma
MG-63;UNCLASSIFIED;bone;osteosarcoma
MHH-CALL-2;UNCLASSIFIED;blood;B_cell_leukemia
MHH-CALL-2;UNCLASSIFIED;blood;B_cell_leukemia
MHH-ES-1;UNCLASSIFIED;bone;ewings_sarcoma
MHH-ES-1;UNCLASSIFIED;bone;ewings_sarcoma
MHH-NB-11;NB;nervous_system;neuroblastoma
MHH-PREB-1;UNCLASSIFIED;blood;B_cell_leukemia
MHH-PREB-1;UNCLASSIFIED;blood;B_cell_leukemia
MIA-PaCa-2;PAAD;pancreas;pancreas
MIA-PaCa-2;PAAD;pancreas;pancreas
MKN1;UNCLASSIFIED;digestive_system;stomach
MKN1;UNCLASSIFIED;digestive_system;stomach
MKN28;STAD;digestive_system;stomach
MKN28;STAD;digestive_system;stomach
MKN45;STAD;digestive_system;stomach
MKN45;STAD;digestive_system;stomach
MKN7;STAD;digestive_system;stomach
MKN7;STAD;digestive_system;stomach
ML-1;THCA;thyroid;thyroid
ML-2;LAML;blood;acute_myeloid_leukaemia
ML-2;LAML;blood;acute_myeloid_leukaemia
MLMA;UNCLASSIFIED;blood;hairy_cell_leukaemia
MLMA;UNCLASSIFIED;blood;hairy_cell_leukaemia
MM1S;MM;blood;myeloma
MM1S;MM;blood;myeloma
MMAc-SF;SKCM;skin;melanoma
MN-60;UNCLASSIFIED;blood;B_cell_leukemia
MN-60;UNCLASSIFIED;blood;B_cell_leukemia
MOG-G-CCM;LGG;nervous_system;glioma
MOG-G-CCM;LGG;nervous_system;glioma
MOG-G-UVW;LGG;nervous_system;glioma
MOG-G-UVW;LGG;nervous_system;glioma
MOLM-13;LAML;blood;acute_myeloid_leukaemia
MOLM-13;LAML;blood;acute_myeloid_leukaemia
MOLM-16;LAML;blood;acute_myeloid_leukaemia
MOLP-8;MM;blood;myeloma
MOLP-8;MM;blood;myeloma
MOLT-13;ALL;blood;lymphoblastic_T_cell_leukaemia
MOLT-13;ALL;blood;lymphoblastic_T_cell_leukaemia
MOLT-16;ALL;blood;lymphoblastic_T_cell_leukaemia
MOLT-16;ALL;blood;lymphoblastic_T_cell_leukaemia
MOLT-4;ALL;blood;lymphoblastic_leukemia
MOLT-4;ALL;blood;lymphoblastic_leukemia
MONO-MAC-6;LAML;blood;acute_myeloid_leukaemia
MONO-MAC-6;LAML;blood;acute_myeloid_leukaemia
MPP-89;MESO;lung;mesothelioma
MPP-89;MESO;lung;mesothelioma
MRK-nu-1;BRCA;breast;breast
MRK-nu-1;BRCA;breast;breast
MS-1;SCLC;lung;lung_small_cell_carcinoma
MS-1;SCLC;lung;lung_small_cell_carcinoma
MS751;CESC;urogenital_system;cervix
MS751;CESC;urogenital_system;cervix
MSTO-211H;MESO;lung;mesothelioma
MSTO-211H;MESO;lung;mesothelioma
MV-4-11;UNCLASSIFIED;blood;leukemia
MV-4-11;UNCLASSIFIED;blood;leukemia
MY-M12;ALL;blood;leukemia
MZ1-PC;PAAD;pancreas;pancreas
MZ2-MEL;SKCM;skin;melanoma
MZ7-mel;SKCM;skin;melanoma
Mewo;SKCM;skin;melanoma
Mewo;SKCM;skin;melanoma
Mo-T;UNCLASSIFIED;blood;hairy_cell_leukaemia
Mo-T;UNCLASSIFIED;blood;hairy_cell_leukaemia
NALM-6;UNCLASSIFIED;blood;B_cell_leukemia
NALM-6;UNCLASSIFIED;blood;B_cell_leukemia
NAMALWA;UNCLASSIFIED;blood;Burkitt_lymphoma
NAMALWA;UNCLASSIFIED;blood;Burkitt_lymphoma
NB(TU)1-10;NB;nervous_system;neuroblastoma
NB(TU)1-10;NB;nervous_system;neuroblastoma
NB1;NB;nervous_system;neuroblastoma
NB1;NB;nervous_system;neuroblastoma
NB10;NB;nervous_system;neuroblastoma
NB10;NB;nervous_system;neuroblastoma
NB12;NB;nervous_system;neuroblastoma
NB12;NB;nervous_system;neuroblastoma
NB13;NB;nervous_system;neuroblastoma
NB13;NB;nervous_system;neuroblastoma
NB14;NB;nervous_system;neuroblastoma
NB14;NB;nervous_system;neuroblastoma
NB17;NB;nervous_system;neuroblastoma
NB4;LAML;blood;acute_myeloid_leukaemia
NB5;NB;nervous_system;neuroblastoma
NB6;NB;nervous_system;neuroblastoma
NB69;NB;nervous_system;neuroblastoma
NB69;NB;nervous_system;neuroblastoma
NB7;NB;nervous_system;neuroblastoma
NB7;NB;nervous_system;neuroblastoma
NCC010;KIRC;kidney;kidney
NCC010;KIRC;kidney;kidney
NCC021;KIRC;kidney;kidney
NCCIT;;urogenital_system;testis
NCI-H1048;SCLC;lung;lung_small_cell_carcinoma
NCI-H1048;SCLC;lung;lung_small_cell_carcinoma
NCI-H1092;SCLC;lung;lung_small_cell_carcinoma
NCI-H1092;SCLC;lung;lung_small_cell_carcinoma
NCI-H1105;SCLC;lung;lung_small_cell_carcinoma
NCI-H1155;UNCLASSIFIED;lung;lung_NSCLC_large_cell
NCI-H1155;UNCLASSIFIED;lung;lung_NSCLC_large_cell
NCI-H128;SCLC;lung;lung_small_cell_carcinoma
NCI-H1299;UNCLASSIFIED;lung;lung_NSCLC_large_cell
NCI-H1299;UNCLASSIFIED;lung;lung_NSCLC_large_cell
NCI-H1304;SCLC;lung;lung_small_cell_carcinoma
NCI-H1341;SCLC;lung;lung_small_cell_carcinoma
NCI-H1341;SCLC;lung;lung_small_cell_carcinoma
NCI-H1355;LUAD;lung;lung_NSCLC_adenocarcinoma
NCI-H1355;LUAD;lung;lung_NSCLC_adenocarcinoma
NCI-H1417;SCLC;lung;lung_small_cell_carcinoma
NCI-H1417;SCLC;lung;lung_small_cell_carcinoma
NCI-H1435;LUAD;lung;lung_NSCLC_adenocarcinoma
NCI-H1435;LUAD;lung;lung_NSCLC_adenocarcinoma
NCI-H1436;SCLC;lung;lung_small_cell_carcinoma
NCI-H1437;LUAD;lung;lung_NSCLC_adenocarcinoma
NCI-H146;SCLC;lung;lung_small_cell_carcinoma
NCI-H1563;LUAD;lung;lung_NSCLC_adenocarcinoma
NCI-H1563;LUAD;lung;lung_NSCLC_adenocarcinoma
NCI-H1568;LUAD;lung;lung_NSCLC_adenocarcinoma
NCI-H1568;LUAD;lung;lung_NSCLC_adenocarcinoma
NCI-H1573;LUAD;lung;lung_NSCLC_adenocarcinoma
NCI-H1573;LUAD;lung;lung_NSCLC_adenocarcinoma
NCI-H1581;UNCLASSIFIED;lung;lung_NSCLC_large_cell
NCI-H1581;UNCLASSIFIED;lung;lung_NSCLC_large_cell
NCI-H1623;LUAD;lung;lung_NSCLC_adenocarcinoma
NCI-H1623;LUAD;lung;lung_NSCLC_adenocarcinoma
NCI-H1648;LUAD;lung;lung_NSCLC_adenocarcinoma
NCI-H1648;LUAD;lung;lung_NSCLC_adenocarcinoma
NCI-H1650;LUAD;lung;lung_NSCLC_adenocarcinoma
NCI-H1650;LUAD;lung;lung_NSCLC_adenocarcinoma
NCI-H1651;LUAD;lung;lung_NSCLC_adenocarcinoma
NCI-H1651;LUAD;lung;lung_NSCLC_adenocarcinoma
NCI-H1666;LUAD;lung;lung_NSCLC_adenocarcinoma
NCI-H1666;LUAD;lung;lung_NSCLC_adenocarcinoma
NCI-H1688;SCLC;lung;lung_small_cell_carcinoma
NCI-H1688;SCLC;lung;lung_small_cell_carcinoma
NCI-H1693;LUAD;lung;lung_NSCLC_adenocarcinoma
NCI-H1693;LUAD;lung;lung_NSCLC_adenocarcinoma
NCI-H1694;SCLC;lung;lung_small_cell_carcinoma
NCI-H1694;SCLC;lung;lung_small_cell_carcinoma
NCI-H1703;UNCLASSIFIED;lung;lung_NSCLC_adenocarcinoma
NCI-H1703;UNCLASSIFIED;lung;lung_NSCLC_adenocarcinoma
NCI-H1734;LUAD;lung;lung_NSCLC_adenocarcinoma
NCI-H1755;LUAD;lung;lung_NSCLC_adenocarcinoma
NCI-H1755;LUAD;lung;lung_NSCLC_adenocarcinoma
NCI-H1770;UNCLASSIFIED;lung;lung_NSCLC_not_specified
NCI-H1781;LUAD;lung;lung_NSCLC_adenocarcinoma
NCI-H1781;LUAD;lung;lung_NSCLC_adenocarcinoma
NCI-H1792;LUAD;lung;lung_NSCLC_adenocarcinoma
NCI-H1792;LUAD;lung;lung_NSCLC_adenocarcinoma
NCI-H1793;LUAD;lung;lung_NSCLC_adenocarcinoma
NCI-H1793;LUAD;lung;lung_NSCLC_adenocarcinoma
NCI-H1836;SCLC;lung;lung_small_cell_carcinoma
NCI-H1838;LUAD;lung;lung_NSCLC_adenocarcinoma
NCI-H1838;LUAD;lung;lung_NSCLC_adenocarcinoma
NCI-H1869;LUSC;lung;lung_NSCLC_squamous_cell_carcinoma
NCI-H1869;LUSC;lung;lung_NSCLC_squamous_cell_carcinoma
NCI-H187;SCLC;lung;lung_small_cell_carcinoma
NCI-H1876;SCLC;lung;lung_small_cell_carcinoma
NCI-H1876;SCLC;lung;lung_small_cell_carcinoma
NCI-H1915;UNCLASSIFIED;lung;lung_NSCLC_large_cell
NCI-H1915;UNCLASSIFIED;lung;lung_NSCLC_large_cell
NCI-H1944;LUAD;lung;lung_NSCLC_adenocarcinoma
NCI-H1944;LUAD;lung;lung_NSCLC_adenocarcinoma
NCI-H196;SCLC;lung;lung_small_cell_carcinoma
NCI-H196;SCLC;lung;lung_small_cell_carcinoma
NCI-H1963;SCLC;lung;lung_small_cell_carcinoma
NCI-H1963;SCLC;lung;lung_small_cell_carcinoma
NCI-H1975;LUAD;lung;lung_NSCLC_adenocarcinoma
NCI-H1975;LUAD;lung;lung_NSCLC_adenocarcinoma
NCI-H1993;LUAD;lung;lung_NSCLC_adenocarcinoma
NCI-H1993;LUAD;lung;lung_NSCLC_adenocarcinoma
NCI-H2009;LUAD;lung;lung_NSCLC_adenocarcinoma
NCI-H2009;LUAD;lung;lung_NSCLC_adenocarcinoma
NCI-H2023;LUAD;lung;lung_NSCLC_adenocarcinoma
NCI-H2023;LUAD;lung;lung_NSCLC_adenocarcinoma
NCI-H2029;SCLC;lung;lung_small_cell_carcinoma
NCI-H2029;SCLC;lung;lung_small_cell_carcinoma
NCI-H2030;LUAD;lung;lung_NSCLC_adenocarcinoma
NCI-H2052;MESO;lung;mesothelioma
NCI-H2052;MESO;lung;mesothelioma
NCI-H2066;SCLC;lung;lung_small_cell_carcinoma
NCI-H2066;SCLC;lung;lung_small_cell_carcinoma
NCI-H2081;SCLC;lung;lung_small_cell_carcinoma
NCI-H2085;LUAD;lung;lung_NSCLC_adenocarcinoma
NCI-H2085;LUAD;lung;lung_NSCLC_adenocarcinoma
NCI-H2087;LUAD;lung;lung_NSCLC_adenocarcinoma
NCI-H2087;LUAD;lung;lung_NSCLC_adenocarcinoma
NCI-H209;SCLC;lung;lung_small_cell_carcinoma
NCI-H209;SCLC;lung;lung_small_cell_carcinoma
NCI-H211;SCLC;lung;lung_small_cell_carcinoma
NCI-H211;SCLC;lung;lung_small_cell_carcinoma
NCI-H2110;UNCLASSIFIED;lung;lung_NSCLC_not_specified
NCI-H2122;LUAD;lung;lung_NSCLC_adenocarcinoma
NCI-H2122;LUAD;lung;lung_NSCLC_adenocarcinoma
NCI-H2135;UNCLASSIFIED;lung;lung_NSCLC_not_specified
NCI-H2135;UNCLASSIFIED;lung;lung_NSCLC_not_specified
NCI-H2141;SCLC;lung;lung_small_cell_carcinoma
NCI-H2141;SCLC;lung;lung_small_cell_carcinoma
NCI-H2170;LUSC;lung;lung_NSCLC_squamous_cell_carcinoma
NCI-H2170;LUSC;lung;lung_NSCLC_squamous_cell_carcinoma
NCI-H2171;SCLC;lung;lung_small_cell_carcinoma
NCI-H2172;UNCLASSIFIED;lung;lung_NSCLC_not_specified
NCI-H2196;SCLC;lung;lung_small_cell_carcinoma
NCI-H2227;SCLC;lung;lung_small_cell_carcinoma
NCI-H2227;SCLC;lung;lung_small_cell_carcinoma
NCI-H2228;LUAD;lung;lung_NSCLC_adenocarcinoma
NCI-H2228;LUAD;lung;lung_NSCLC_adenocarcinoma
NCI-H226;LUSC;lung;lung_NSCLC_squamous_cell_carcinoma
NCI-H226;LUSC;lung;lung_NSCLC_squamous_cell_carcinoma
NCI-H2291;LUAD;lung;lung_NSCLC_adenocarcinoma
NCI-H23;LUAD;lung;lung_NSCLC_adenocarcinoma
NCI-H23;LUAD;lung;lung_NSCLC_adenocarcinoma
NCI-H2342;LUAD;lung;lung_NSCLC_adenocarcinoma
NCI-H2342;LUAD;lung;lung_NSCLC_adenocarcinoma
NCI-H2347;LUAD;lung;lung_NSCLC_adenocarcinoma
NCI-H2347;LUAD;lung;lung_NSCLC_adenocarcinoma
NCI-H2369;MESO;lung;mesothelioma
NCI-H2369;MESO;lung;mesothelioma
NCI-H2373;MESO;lung;mesothelioma
NCI-H2373;MESO;lung;mesothelioma
NCI-H2405;LUAD;lung;lung_NSCLC_adenocarcinoma
NCI-H2405;LUAD;lung;lung_NSCLC_adenocarcinoma
NCI-H2444;UNCLASSIFIED;lung;lung_NSCLC_not_specified
NCI-H2452;MESO;lung;mesothelioma
NCI-H2452;MESO;lung;mesothelioma
NCI-H2461;MESO;lung;mesothelioma
NCI-H2461;MESO;lung;mesothelioma
NCI-H250;SCLC;lung;lung_small_cell_carcinoma
NCI-H250;SCLC;lung;lung_small_cell_carcinoma
NCI-H2591;MESO;lung;mesothelioma
NCI-H2591;MESO;lung;mesothelioma
NCI-H2595;MESO;lung;mesothelioma
NCI-H2595;MESO;lung;mesothelioma
NCI-H2722;MESO;lung;mesothelioma
NCI-H2722;MESO;lung;mesothelioma
NCI-H2731;MESO;lung;mesothelioma
NCI-H2731;MESO;lung;mesothelioma
NCI-H2795;MESO;lung;mesothelioma
NCI-H2795;MESO;lung;mesothelioma
NCI-H28;MESO;lung;mesothelioma
NCI-H28;MESO;lung;mesothelioma
NCI-H2803;MESO;lung;mesothelioma
NCI-H2803;MESO;lung;mesothelioma
NCI-H2804;MESO;lung;mesothelioma
NCI-H2804;MESO;lung;mesothelioma
NCI-H2810;MESO;lung;mesothelioma
NCI-H2810;MESO;lung;mesothelioma
NCI-H2818;MESO;lung;mesothelioma
NCI-H2818;MESO;lung;mesothelioma
NCI-H2869;MESO;lung;mesothelioma
NCI-H2869;MESO;lung;mesothelioma
NCI-H290;MESO;lung;mesothelioma
NCI-H292;UNCLASSIFIED;lung;lung_NSCLC_adenocarcinoma
NCI-H3118;UNCLASSIFIED;aero_digestive_tract;head_and_neck
NCI-H3118;UNCLASSIFIED;aero_digestive_tract;head_and_neck
NCI-H3122;LUAD;lung;lung_NSCLC_adenocarcinoma
NCI-H3122;LUAD;lung;lung_NSCLC_adenocarcinoma
NCI-H322M;LUAD;lung;lung_NSCLC_adenocarcinoma
NCI-H322M;LUAD;lung;lung_NSCLC_adenocarcinoma
NCI-H345;SCLC;lung;lung_small_cell_carcinoma
NCI-H345;SCLC;lung;lung_small_cell_carcinoma
NCI-H358;LUAD;lung;lung_NSCLC_adenocarcinoma
NCI-H358;LUAD;lung;lung_NSCLC_adenocarcinoma
NCI-H378;SCLC;lung;lung_small_cell_carcinoma
NCI-H441;LUAD;lung;lung_NSCLC_adenocarcinoma
NCI-H441;LUAD;lung;lung_NSCLC_adenocarcinoma
NCI-H446;SCLC;lung;lung_small_cell_carcinoma
NCI-H446;SCLC;lung;lung_small_cell_carcinoma
NCI-H460;UNCLASSIFIED;lung;lung_NSCLC_large_cell
NCI-H508;COREAD;digestive_system;large_intestine
NCI-H508;COREAD;digestive_system;large_intestine
NCI-H510A;SCLC;lung;lung_small_cell_carcinoma
NCI-H513;MESO;lung;mesothelioma
NCI-H513;MESO;lung;mesothelioma
NCI-H520;LUSC;lung;lung_NSCLC_squamous_cell_carcinoma
NCI-H520;LUSC;lung;lung_NSCLC_squamous_cell_carcinoma
NCI-H522;LUAD;lung;lung_NSCLC_adenocarcinoma
NCI-H522;LUAD;lung;lung_NSCLC_adenocarcinoma
NCI-H524;SCLC;lung;lung_small_cell_carcinoma
NCI-H524;SCLC;lung;lung_small_cell_carcinoma
NCI-H526;SCLC;lung;lung_small_cell_carcinoma
NCI-H526;SCLC;lung;lung_small_cell_carcinoma
NCI-H596;UNCLASSIFIED;lung;lung_NSCLC_adenocarcinoma
NCI-H596;UNCLASSIFIED;lung;lung_NSCLC_adenocarcinoma
NCI-H64;SCLC;lung;lung_small_cell_carcinoma
NCI-H64;SCLC;lung;lung_small_cell_carcinoma
NCI-H647;UNCLASSIFIED;lung;lung_NSCLC_not_specified
NCI-H650;LUAD;lung;lung_NSCLC_adenocarcinoma
NCI-H650;LUAD;lung;lung_NSCLC_adenocarcinoma
NCI-H661;UNCLASSIFIED;lung;lung_NSCLC_large_cell
NCI-H661;UNCLASSIFIED;lung;lung_NSCLC_large_cell
NCI-H69;SCLC;lung;lung_small_cell_carcinoma
NCI-H69;SCLC;lung;lung_small_cell_carcinoma
NCI-H716;COREAD;digestive_system;large_intestine
NCI-H716;COREAD;digestive_system;large_intestine
NCI-H720;UNCLASSIFIED;lung;lung_NSCLC_carcinoid
NCI-H720;UNCLASSIFIED;lung;lung_NSCLC_carcinoid
NCI-H727;UNCLASSIFIED;lung;lung_NSCLC_carcinoid
NCI-H727;UNCLASSIFIED;lung;lung_NSCLC_carcinoid
NCI-H747;COREAD;digestive_system;large_intestine
NCI-H747;COREAD;digestive_system;large_intestine
NCI-H748;SCLC;lung;lung_small_cell_carcinoma
NCI-H810;UNCLASSIFIED;lung;lung_NSCLC_large_cell
NCI-H810;UNCLASSIFIED;lung;lung_NSCLC_large_cell
NCI-H82;SCLC;lung;lung_small_cell_carcinoma
NCI-H82;SCLC;lung;lung_small_cell_carcinoma
NCI-H835;UNCLASSIFIED;lung;lung_NSCLC_carcinoid
NCI-H835;UNCLASSIFIED;lung;lung_NSCLC_carcinoid
NCI-H838;LUAD;lung;lung_NSCLC_adenocarcinoma
NCI-H841;SCLC;lung;lung_small_cell_carcinoma
NCI-H841;SCLC;lung;lung_small_cell_carcinoma
NCI-H847;SCLC;lung;lung_small_cell_carcinoma
NCI-H847;SCLC;lung;lung_small_cell_carcinoma
NCI-H929;MM;blood;myeloma
NCI-H929;MM;blood;myeloma
NCI-N87;STAD;digestive_system;stomach
NCI-N87;STAD;digestive_system;stomach
NEC8;UNCLASSIFIED;urogenital_system;testis
NEC8;UNCLASSIFIED;urogenital_system;testis
NH-12;NB;nervous_system;neuroblastoma
NH-12;NB;nervous_system;neuroblastoma
NK-92MI;UNCLASSIFIED;blood;lymphoid_neoplasm_other
NKM-1;LAML;blood;acute_myeloid_leukaemia
NKM-1;LAML;blood;acute_myeloid_leukaemia
NMC-G1;LGG;nervous_system;glioma
NOMO-1;LAML;blood;acute_myeloid_leukaemia
NOMO-1;LAML;blood;acute_myeloid_leukaemia
NOS-1;UNCLASSIFIED;bone;osteosarcoma
NOS-1;UNCLASSIFIED;bone;osteosarcoma
NTERA-2-cl-D1;UNCLASSIFIED;urogenital_system;testis
NTERA-2-cl-D1;UNCLASSIFIED;urogenital_system;testis
NU-DUL-1;DLBC;blood;B_cell_lymphoma
NUGC-3;STAD;digestive_system;stomach
NUGC-3;STAD;digestive_system;stomach
NUGC-4;STAD;digestive_system;stomach
NUGC-4;STAD;digestive_system;stomach
NY;UNCLASSIFIED;bone;osteosarcoma
NY;UNCLASSIFIED;bone;osteosarcoma
OACM5-1;ESCA;aero_digestive_tract;oesophagus
OACM5-1;ESCA;aero_digestive_tract;oesophagus
OACp4C;ESCA;aero_digestive_tract;oesophagus
OACp4C;ESCA;aero_digestive_tract;oesophagus
OAW-28;OV;urogenital_system;ovary
OAW-28;OV;urogenital_system;ovary
OAW-42;OV;urogenital_system;ovary
OAW-42;OV;urogenital_system;ovary
OC-314;OV;urogenital_system;ovary
OC-314;OV;urogenital_system;ovary
OCI-AML2;LAML;blood;acute_myeloid_leukaemia
OCI-AML2;LAML;blood;acute_myeloid_leukaemia
OCI-AML3;LAML;blood;acute_myeloid_leukaemia
OCI-AML3;LAML;blood;acute_myeloid_leukaemia
OCI-AML5;LAML;blood;acute_myeloid_leukaemia
OCI-AML5;LAML;blood;acute_myeloid_leukaemia
OCI-LY-19;DLBC;blood;B_cell_lymphoma
OCI-LY7;DLBC;blood;B_cell_lymphoma
OCI-M1;LAML;blood;acute_myeloid_leukaemia
OCI-M1;LAML;blood;acute_myeloid_leukaemia
OCUB-M;BRCA;breast;breast
OCUB-M;BRCA;breast;breast
OCUM-1;STAD;digestive_system;stomach
OCUM-1;STAD;digestive_system;stomach
OE19;ESCA;aero_digestive_tract;oesophagus
OE19;ESCA;aero_digestive_tract;oesophagus
OE21;ESCA;aero_digestive_tract;oesophagus
OE21;ESCA;aero_digestive_tract;oesophagus
OE33;ESCA;aero_digestive_tract;oesophagus
OE33;ESCA;aero_digestive_tract;oesophagus
OMC-1;CESC;urogenital_system;cervix
ONS-76;MB;nervous_system;medulloblastoma
ONS-76;MB;nervous_system;medulloblastoma
OPM-2;MM;blood;myeloma
OPM-2;MM;blood;myeloma
OS-RC-2;KIRC;kidney;kidney
OS-RC-2;KIRC;kidney;kidney
OSC-19;HNSC;aero_digestive_tract;head_and_neck
OSC-20;HNSC;aero_digestive_tract;head_and_neck
OSC-20;HNSC;aero_digestive_tract;head_and_neck
OV-17R;OV;urogenital_system;ovary
OV-56;OV;urogenital_system;ovary
OV-56;OV;urogenital_system;ovary
OV-7;OV;urogenital_system;ovary
OV-90;OV;urogenital_system;ovary
OV-90;OV;urogenital_system;ovary
OVCA420;OV;urogenital_system;ovary
OVCA420;OV;urogenital_system;ovary
OVCA433;OV;urogenital_system;ovary
OVCAR-3;OV;urogenital_system;ovary
OVCAR-3;OV;urogenital_system;ovary
OVCAR-4;OV;urogenital_system;ovary
OVCAR-4;OV;urogenital_system;ovary
OVCAR-5;OV;urogenital_system;ovary
OVCAR-5;OV;urogenital_system;ovary
OVCAR-8;OV;urogenital_system;ovary
OVCAR-8;OV;urogenital_system;ovary
OVISE;OV;urogenital_system;ovary
OVISE;OV;urogenital_system;ovary
OVK-18;OV;urogenital_system;ovary
OVK-18;OV;urogenital_system;ovary
OVKATE;OV;urogenital_system;ovary
OVKATE;OV;urogenital_system;ovary
OVMIU;OV;urogenital_system;ovary
OVMIU;OV;urogenital_system;ovary
OVTOKO;OV;urogenital_system;ovary
OVTOKO;OV;urogenital_system;ovary
P12-ICHIKAWA;ALL;blood;lymphoblastic_T_cell_leukaemia
P12-ICHIKAWA;ALL;blood;lymphoblastic_T_cell_leukaemia
P30-OHK;ALL;blood;lymphoblastic_leukemia
P30-OHK;ALL;blood;lymphoblastic_leukemia
P31-FUJ;LAML;blood;acute_myeloid_leukaemia
P31-FUJ;LAML;blood;acute_myeloid_leukaemia
P32-ISH;UNCLASSIFIED;blood;Burkitt_lymphoma
P32-ISH;UNCLASSIFIED;blood;Burkitt_lymphoma
PA-1;UNCLASSIFIED;urogenital_system;ovary
PA-1;UNCLASSIFIED;urogenital_system;ovary
PA-TU-8902;PAAD;pancreas;pancreas
PA-TU-8902;PAAD;pancreas;pancreas
PA-TU-8988T;PAAD;pancreas;pancreas
PA-TU-8988T;PAAD;pancreas;pancreas
PANC-02-03;PAAD;pancreas;pancreas
PANC-02-03;PAAD;pancreas;pancreas
PANC-03-27;PAAD;pancreas;pancreas
PANC-03-27;PAAD;pancreas;pancreas
PANC-04-03;PAAD;pancreas;pancreas
PANC-04-03;PAAD;pancreas;pancreas
PANC-08-13;PAAD;pancreas;pancreas
PANC-08-13;PAAD;pancreas;pancreas
PANC-10-05;PAAD;pancreas;pancreas
PANC-10-05;PAAD;pancreas;pancreas
PC-14;LUAD;lung;lung_NSCLC_adenocarcinoma
PC-14;LUAD;lung;lung_NSCLC_adenocarcinoma
PC-3;PRAD;urogenital_system;prostate
PC-3;PRAD;urogenital_system;prostate
PC-3_[JPC-3];LUAD;lung;lung_NSCLC_adenocarcinoma
PC-3_[JPC-3];LUAD;lung;lung_NSCLC_adenocarcinoma
PCI-15A;HNSC;aero_digestive_tract;head_and_neck
PCI-30;HNSC;aero_digestive_tract;head_and_neck
PCI-30;HNSC;aero_digestive_tract;head_and_neck
PCI-38;HNSC;aero_digestive_tract;head_and_neck
PCI-4B;HNSC;aero_digestive_tract;head_and_neck
PCI-4B;HNSC;aero_digestive_tract;head_and_neck
PCI-6A;HNSC;aero_digestive_tract;head_and_neck
PE-CA-PJ15;HNSC;aero_digestive_tract;head_and_neck
PEO1;OV;urogenital_system;ovary
PEO1;OV;urogenital_system;ovary
PF-382;ALL;blood;lymphoblastic_T_cell_leukaemia
PF-382;ALL;blood;lymphoblastic_T_cell_leukaemia
PFSK-1;MB;nervous_system;medulloblastoma
PFSK-1;MB;nervous_system;medulloblastoma
PL-21;LAML;blood;acute_myeloid_leukaemia
PL18;PAAD;pancreas;pancreas
PL18;PAAD;pancreas;pancreas
PL4;PAAD;pancreas;pancreas
PL4;PAAD;pancreas;pancreas
PSN1;PAAD;pancreas;pancreas
PSN1;PAAD;pancreas;pancreas
PWR-1E;PRAD;urogenital_system;prostate
PWR-1E;PRAD;urogenital_system;prostate
QGP-1;UNCLASSIFIED;pancreas;pancreas
QGP-1;UNCLASSIFIED;pancreas;pancreas
QIMR-WIL;LAML;blood;acute_myeloid_leukaemia
RC-K8;DLBC;blood;B_cell_lymphoma
RC-K8;DLBC;blood;B_cell_lymphoma
RCC-AB;KIRC;kidney;kidney
RCC-ER;KIRC;kidney;kidney
RCC-FG2;KIRC;kidney;kidney
RCC-JF;KIRC;kidney;kidney
RCC-JW;KIRC;kidney;kidney
RCC-JW;KIRC;kidney;kidney
RCC-MF;KIRC;kidney;kidney
RCC10RGB;KIRC;kidney;kidney
RCC10RGB;KIRC;kidney;kidney
RCH-ACV;UNCLASSIFIED;blood;B_cell_leukemia
RCM-1;COREAD;digestive_system;large_intestine
RCM-1;COREAD;digestive_system;large_intestine
RD;UNCLASSIFIED;soft_tissue;rhabdomyosarcoma
RD;UNCLASSIFIED;soft_tissue;rhabdomyosarcoma
REH;UNCLASSIFIED;blood;B_cell_leukemia
REH;UNCLASSIFIED;blood;B_cell_leukemia
RERF-GC-1B;STAD;digestive_system;stomach
RERF-GC-1B;STAD;digestive_system;stomach
RERF-LC-KJ;LUAD;lung;lung_NSCLC_adenocarcinoma
RERF-LC-KJ;LUAD;lung;lung_NSCLC_adenocarcinoma
RERF-LC-MS;LUAD;lung;lung_NSCLC_adenocarcinoma
RERF-LC-Sq1;LUSC;lung;lung_NSCLC_squamous_cell_carcinoma
RERF-LC-Sq1;LUSC;lung;lung_NSCLC_squamous_cell_carcinoma
RF-48;STAD;digestive_system;stomach
RF-48;STAD;digestive_system;stomach
RH-1;UNCLASSIFIED;soft_tissue;rhabdomyosarcoma
RH-1;UNCLASSIFIED;soft_tissue;rhabdomyosarcoma
RH-18;UNCLASSIFIED;soft_tissue;rhabdomyosarcoma
RH-41;UNCLASSIFIED;soft_tissue;rhabdomyosarcoma
RH-41;UNCLASSIFIED;soft_tissue;rhabdomyosarcoma
RKN;UNCLASSIFIED;urogenital_system;ovary
RKN;UNCLASSIFIED;urogenital_system;ovary
RKO;COREAD;digestive_system;large_intestine
RKO;COREAD;digestive_system;large_intestine
RL;DLBC;blood;B_cell_lymphoma
RL95-2;UNCLASSIFIED;urogenital_system;endometrium
RL95-2;UNCLASSIFIED;urogenital_system;endometrium
RMG-I;UNCLASSIFIED;urogenital_system;ovary
RMG-I;UNCLASSIFIED;urogenital_system;ovary
RO82-W-1;THCA;thyroid;thyroid
RO82-W-1;THCA;thyroid;thyroid
ROS-50;UNCLASSIFIED;blood;B_cell_leukemia
RPMI-2650;HNSC;aero_digestive_tract;head_and_neck
RPMI-6666;UNCLASSIFIED;blood;Hodgkin_lymphoma
RPMI-6666;UNCLASSIFIED;blood;Hodgkin_lymphoma
RPMI-7951;SKCM;skin;melanoma
RPMI-7951;SKCM;skin;melanoma
RPMI-8226;MM;blood;myeloma
RPMI-8226;MM;blood;myeloma
RPMI-8402;ALL;blood;lymphoblastic_T_cell_leukaemia
RPMI-8402;ALL;blood;lymphoblastic_T_cell_leukaemia
RPMI-8866;LCML;blood;chronic_myeloid_leukaemia
RPMI-8866;LCML;blood;chronic_myeloid_leukaemia
RS4-11;ALL;blood;leukemia
RS4-11;ALL;blood;leukemia
RT-112;BLCA;urogenital_system;bladder
RT-112;BLCA;urogenital_system;bladder
RT4;BLCA;urogenital_system;bladder
RT4;BLCA;urogenital_system;bladder
RVH-421;SKCM;skin;melanoma
RXF393;KIRC;kidney;kidney
RXF393;KIRC;kidney;kidney
Raji;UNCLASSIFIED;blood;Burkitt_lymphoma
Raji;UNCLASSIFIED;blood;Burkitt_lymphoma
Ramos-2G6-4C10;UNCLASSIFIED;blood;Burkitt_lymphoma
Ramos-2G6-4C10;UNCLASSIFIED;blood;Burkitt_lymphoma
SAS;HNSC;aero_digestive_tract;head_and_neck
SAS;HNSC;aero_digestive_tract;head_and_neck
SAT;HNSC;aero_digestive_tract;head_and_neck
SAT;HNSC;aero_digestive_tract;head_and_neck
SBC-1;SCLC;lung;lung_small_cell_carcinoma
SBC-3;SCLC;lung;lung_small_cell_carcinoma
SBC-3;SCLC;lung;lung_small_cell_carcinoma
SBC-5;SCLC;lung;lung_small_cell_carcinoma
SBC-5;SCLC;lung;lung_small_cell_carcinoma
SC-1;;blood;B_cell_lymphoma
SCC-15;HNSC;aero_digestive_tract;head_and_neck
SCC-15;HNSC;aero_digestive_tract;head_and_neck
SCC-25;HNSC;aero_digestive_tract;head_and_neck
SCC-3;DLBC;blood;B_cell_lymphoma
SCC-3;DLBC;blood;B_cell_lymphoma
SCC-4;HNSC;aero_digestive_tract;head_and_neck
SCC-4;HNSC;aero_digestive_tract;head_and_neck
SCC-9;HNSC;aero_digestive_tract;head_and_neck
SCC-9;HNSC;aero_digestive_tract;head_and_neck
SCC90;HNSC;aero_digestive_tract;head_and_neck
SCC90;HNSC;aero_digestive_tract;head_and_neck
SCH;UNCLASSIFIED;digestive_system;stomach
SF126;GBM;nervous_system;glioma
SF268;GBM;nervous_system;glioma
SF268;GBM;nervous_system;glioma
SF295;GBM;nervous_system;glioma
SF539;LGG;nervous_system;glioma
SF539;LGG;nervous_system;glioma
SH-4;SKCM;skin;melanoma
SH-4;SKCM;skin;melanoma
SHP-77;SCLC;lung;lung_small_cell_carcinoma
SHP-77;SCLC;lung;lung_small_cell_carcinoma
SIG-M5;LAML;blood;acute_myeloid_leukaemia
SIMA;NB;nervous_system;neuroblastoma
SIMA;NB;nervous_system;neuroblastoma
SISO;CESC;urogenital_system;cervix
SISO;CESC;urogenital_system;cervix
SJRH30;UNCLASSIFIED;soft_tissue;rhabdomyosarcoma
SJRH30;UNCLASSIFIED;soft_tissue;rhabdomyosarcoma
SJSA-1;UNCLASSIFIED;bone;bone_other
SJSA-1;UNCLASSIFIED;bone;bone_other
SK-CO-1;COREAD;digestive_system;large_intestine
SK-CO-1;COREAD;digestive_system;large_intestine
SK-ES-1;UNCLASSIFIED;bone;ewings_sarcoma
SK-ES-1;UNCLASSIFIED;bone;ewings_sarcoma
SK-GT-2;STAD;digestive_system;stomach
SK-GT-2;STAD;digestive_system;stomach
SK-GT-4;ESCA;aero_digestive_tract;oesophagus
SK-GT-4;ESCA;aero_digestive_tract;oesophagus
SK-HEP-1;LIHC;digestive_system;liver
SK-HEP-1;LIHC;digestive_system;liver
SK-LMS-1;UNCLASSIFIED;soft_tissue;soft_tissue_other
SK-LMS-1;UNCLASSIFIED;soft_tissue;soft_tissue_other
SK-LU-1;LUAD;lung;lung_NSCLC_adenocarcinoma
SK-LU-1;LUAD;lung;lung_NSCLC_adenocarcinoma
SK-MEL-1;SKCM;skin;melanoma
SK-MEL-1;SKCM;skin;melanoma
SK-MEL-2;SKCM;skin;melanoma
SK-MEL-2;SKCM;skin;melanoma
SK-MEL-24;SKCM;skin;melanoma
SK-MEL-24;SKCM;skin;melanoma
SK-MEL-28;SKCM;skin;melanoma
SK-MEL-3;SKCM;skin;melanoma
SK-MEL-30;SKCM;skin;melanoma
SK-MEL-31;SKCM;skin;melanoma
SK-MEL-5;SKCM;skin;melanoma
SK-MEL-5;SKCM;skin;melanoma
SK-MES-1;LUSC;lung;lung_NSCLC_squamous_cell_carcinoma
SK-MES-1;LUSC;lung;lung_NSCLC_squamous_cell_carcinoma
SK-MG-1;GBM;nervous_system;glioma
SK-MG-1;GBM;nervous_system;glioma
SK-MM-2;MM;blood;myeloma
SK-MM-2;MM;blood;myeloma
SK-N-AS;NB;nervous_system;neuroblastoma
SK-N-AS;NB;nervous_system;neuroblastoma
SK-N-DZ;NB;nervous_system;neuroblastoma
SK-N-DZ;NB;nervous_system;neuroblastoma
SK-N-FI;NB;nervous_system;neuroblastoma
SK-N-FI;NB;nervous_system;neuroblastoma
SK-N-SH;NB;nervous_system;neuroblastoma
SK-N-SH;NB;nervous_system;neuroblastoma
SK-OV-3;OV;urogenital_system;ovary
SK-OV-3;OV;urogenital_system;ovary
SK-PN-DW;UNCLASSIFIED;bone;ewings_sarcoma
SK-PN-DW;UNCLASSIFIED;bone;ewings_sarcoma
SK-UT-1;UNCLASSIFIED;soft_tissue;soft_tissue_other
SK-UT-1;UNCLASSIFIED;soft_tissue;soft_tissue_other
SKG-IIIa;CESC;urogenital_system;cervix
SKG-IIIa;CESC;urogenital_system;cervix
SKM-1;UNCLASSIFIED;blood;haematopoietic_neoplasm_other
SKM-1;UNCLASSIFIED;blood;haematopoietic_neoplasm_other
SKN;UNCLASSIFIED;urogenital_system;uterus
SKN;UNCLASSIFIED;urogenital_system;uterus
SKN-3;HNSC;aero_digestive_tract;head_and_neck
SKN-3;HNSC;aero_digestive_tract;head_and_neck
SLVL;DLBC;blood;B_cell_lymphoma
SLVL;DLBC;blood;B_cell_lymphoma
SN12C;KIRC;kidney;kidney
SN12C;KIRC;kidney;kidney
SNB75;GBM;nervous_system;glioma
SNG-M;UCEC;urogenital_system;endometrium
SNG-M;UCEC;urogenital_system;endometrium
SNU-1;STAD;digestive_system;stomach
SNU-1;STAD;digestive_system;stomach
SNU-1040;COREAD;digestive_system;large_intestine
SNU-1040;COREAD;digestive_system;large_intestine
SNU-16;STAD;digestive_system;stomach
SNU-16;STAD;digestive_system;stomach
SNU-175;COREAD;digestive_system;large_intestine
SNU-175;COREAD;digestive_system;large_intestine
SNU-182;LIHC;digestive_system;liver
SNU-182;LIHC;digestive_system;liver
SNU-387;LIHC;digestive_system;liver
SNU-387;LIHC;digestive_system;liver
SNU-398;LIHC;digestive_system;liver
SNU-398;LIHC;digestive_system;liver
SNU-407;COREAD;digestive_system;large_intestine
SNU-407;COREAD;digestive_system;large_intestine
SNU-423;LIHC;digestive_system;liver
SNU-423;LIHC;digestive_system;liver
SNU-449;LIHC;digestive_system;liver
SNU-449;LIHC;digestive_system;liver
SNU-475;LIHC;digestive_system;liver
SNU-5;STAD;digestive_system;stomach
SNU-5;STAD;digestive_system;stomach
SNU-61;COREAD;digestive_system;large_intestine
SNU-61;COREAD;digestive_system;large_intestine
SNU-81;COREAD;digestive_system;large_intestine
SNU-81;COREAD;digestive_system;large_intestine
SNU-C1;COREAD;digestive_system;large_intestine
SNU-C1;COREAD;digestive_system;large_intestine
SNU-C2B;COREAD;digestive_system;large_intestine
SNU-C2B;COREAD;digestive_system;large_intestine
SNU-C5;COREAD;digestive_system;large_intestine
SNU-C5;COREAD;digestive_system;large_intestine
SR;UNCLASSIFIED;blood;lymphoid_neoplasm_other
SR;UNCLASSIFIED;blood;lymphoid_neoplasm_other
ST486;UNCLASSIFIED;blood;Burkitt_lymphoma
ST486;UNCLASSIFIED;blood;Burkitt_lymphoma
STS-0421;UNCLASSIFIED;soft_tissue;soft_tissue_other
SU-DHL-1;UNCLASSIFIED;blood;anaplastic_large_cell_lymphoma
SU-DHL-10;DLBC;blood;B_cell_lymphoma
SU-DHL-10;DLBC;blood;B_cell_lymphoma
SU-DHL-16;DLBC;blood;B_cell_lymphoma
SU-DHL-4;DLBC;blood;B_cell_lymphoma
SU-DHL-5;DLBC;blood;B_cell_lymphoma
SU-DHL-5;DLBC;blood;B_cell_lymphoma
SU-DHL-6;DLBC;blood;B_cell_lymphoma
SU-DHL-6;DLBC;blood;B_cell_lymphoma
SU-DHL-8;DLBC;blood;B_cell_lymphoma
SU-DHL-8;DLBC;blood;B_cell_lymphoma
SU8686;PAAD;pancreas;pancreas
SU8686;PAAD;pancreas;pancreas
SUIT-2;PAAD;pancreas;pancreas
SUIT-2;PAAD;pancreas;pancreas
SUP-B15;ALL;blood;lymphoblastic_leukemia
SUP-B15;ALL;blood;lymphoblastic_leukemia
SUP-B8;UNCLASSIFIED;blood;B_cell_leukemia
SUP-HD1;UNCLASSIFIED;blood;Hodgkin_lymphoma
SUP-HD1;UNCLASSIFIED;blood;Hodgkin_lymphoma
SUP-M2;UNCLASSIFIED;blood;anaplastic_large_cell_lymphoma
SUP-M2;UNCLASSIFIED;blood;anaplastic_large_cell_lymphoma
SUP-T1;ALL;blood;lymphoblastic_T_cell_leukaemia
SUP-T1;ALL;blood;lymphoblastic_T_cell_leukaemia
SW1088;GBM;nervous_system;glioma
SW1088;GBM;nervous_system;glioma
SW1116;COREAD;digestive_system;large_intestine
SW1116;COREAD;digestive_system;large_intestine
SW1271;SCLC;lung;lung_small_cell_carcinoma
SW1271;SCLC;lung;lung_small_cell_carcinoma
SW13;ACC;kidney;adrenal_gland
SW13;ACC;kidney;adrenal_gland
SW1417;COREAD;digestive_system;large_intestine
SW1417;COREAD;digestive_system;large_intestine
SW1463;COREAD;digestive_system;large_intestine
SW1463;COREAD;digestive_system;large_intestine
SW156;KIRC;kidney;kidney
SW1573;LUAD;lung;lung_NSCLC_adenocarcinoma
SW1573;LUAD;lung;lung_NSCLC_adenocarcinoma
SW1710;BLCA;urogenital_system;bladder
SW1710;BLCA;urogenital_system;bladder
SW1783;LGG;nervous_system;glioma
SW1783;LGG;nervous_system;glioma
SW1990;PAAD;pancreas;pancreas
SW1990;PAAD;pancreas;pancreas
SW48;COREAD;digestive_system;large_intestine
SW48;COREAD;digestive_system;large_intestine
SW620;COREAD;digestive_system;large_intestine
SW620;COREAD;digestive_system;large_intestine
SW626;OV;urogenital_system;ovary
SW626;OV;urogenital_system;ovary
SW684;UNCLASSIFIED;soft_tissue;fibrosarcoma
SW684;UNCLASSIFIED;soft_tissue;fibrosarcoma
SW756;CESC;urogenital_system;cervix
SW756;CESC;urogenital_system;cervix
SW780;BLCA;urogenital_system;bladder
SW780;BLCA;urogenital_system;bladder
SW837;COREAD;digestive_system;large_intestine
SW837;COREAD;digestive_system;large_intestine
SW872;UNCLASSIFIED;soft_tissue;soft_tissue_other
SW872;UNCLASSIFIED;soft_tissue;soft_tissue_other
SW900;LUSC;lung;lung_NSCLC_squamous_cell_carcinoma
SW900;LUSC;lung;lung_NSCLC_squamous_cell_carcinoma
SW948;COREAD;digestive_system;large_intestine
SW948;COREAD;digestive_system;large_intestine
SW954;UNCLASSIFIED;urogenital_system;urogenital_system_other
SW962;UNCLASSIFIED;urogenital_system;urogenital_system_other
SW982;UNCLASSIFIED;soft_tissue;soft_tissue_other
SW982;UNCLASSIFIED;soft_tissue;soft_tissue_other
Saos-2;UNCLASSIFIED;bone;osteosarcoma
Saos-2;UNCLASSIFIED;bone;osteosarcoma
SiHa;CESC;urogenital_system;cervix
SiHa;CESC;urogenital_system;cervix
T-T;ESCA;aero_digestive_tract;oesophagus
T-T;ESCA;aero_digestive_tract;oesophagus
T24;BLCA;urogenital_system;bladder
T47D;BRCA;breast;breast
T47D;BRCA;breast;breast
T84;COREAD;digestive_system;large_intestine
T84;COREAD;digestive_system;large_intestine
T98G;GBM;nervous_system;glioma
T98G;GBM;nervous_system;glioma
TALL-1;ALL;blood;lymphoblastic_T_cell_leukaemia
TC-71;UNCLASSIFIED;bone;ewings_sarcoma
TC-71;UNCLASSIFIED;bone;ewings_sarcoma
TC-YIK;UNCLASSIFIED;urogenital_system;cervix
TC-YIK;UNCLASSIFIED;urogenital_system;cervix
TCCSUP;BLCA;urogenital_system;bladder
TCCSUP;BLCA;urogenital_system;bladder
TE-1;ESCA;aero_digestive_tract;oesophagus
TE-1;ESCA;aero_digestive_tract;oesophagus
TE-10;ESCA;aero_digestive_tract;oesophagus
TE-11;ESCA;aero_digestive_tract;oesophagus
TE-12;ESCA;aero_digestive_tract;oesophagus
TE-12;ESCA;aero_digestive_tract;oesophagus
TE-15;ESCA;aero_digestive_tract;oesophagus
TE-15;ESCA;aero_digestive_tract;oesophagus
TE-4;ESCA;aero_digestive_tract;oesophagus
TE-4;ESCA;aero_digestive_tract;oesophagus
TE-441-T;UNCLASSIFIED;soft_tissue;rhabdomyosarcoma
TE-5;ESCA;aero_digestive_tract;oesophagus
TE-5;ESCA;aero_digestive_tract;oesophagus
TE-6;ESCA;aero_digestive_tract;oesophagus
TE-6;ESCA;aero_digestive_tract;oesophagus
TE-8;ESCA;aero_digestive_tract;oesophagus
TE-8;ESCA;aero_digestive_tract;oesophagus
TE-9;ESCA;aero_digestive_tract;oesophagus
TE-9;ESCA;aero_digestive_tract;oesophagus
TGBC11TKB;STAD;digestive_system;stomach
TGBC11TKB;STAD;digestive_system;stomach
TGBC1TKB;UNCLASSIFIED;digestive_system;biliary_tract
TGBC1TKB;UNCLASSIFIED;digestive_system;biliary_tract
TGBC24TKB;UNCLASSIFIED;digestive_system;biliary_tract
TGBC24TKB;UNCLASSIFIED;digestive_system;biliary_tract
TGW;NB;nervous_system;neuroblastoma
TGW;NB;nervous_system;neuroblastoma
THP-1;LAML;blood;acute_myeloid_leukaemia
TK;DLBC;blood;B_cell_lymphoma
TK;DLBC;blood;B_cell_lymphoma
TK10;KIRC;kidney;kidney
TK10;KIRC;kidney;kidney
TMK-1;STAD;digestive_system;stomach
TOV-112D;OV;urogenital_system;ovary
TOV-112D;OV;urogenital_system;ovary
TOV-21G;OV;urogenital_system;ovary
TOV-21G;OV;urogenital_system;ovary
TT;THCA;thyroid;thyroid
TT;THCA;thyroid;thyroid
TT2609-C02;THCA;thyroid;thyroid
TT2609-C02;THCA;thyroid;thyroid
TUR;DLBC;blood;B_cell_lymphoma
TUR;DLBC;blood;B_cell_lymphoma
TYK-nu;UNCLASSIFIED;urogenital_system;ovary
TYK-nu;UNCLASSIFIED;urogenital_system;ovary
U-118-MG;GBM;nervous_system;glioma
U-118-MG;GBM;nervous_system;glioma
U-2-OS;UNCLASSIFIED;bone;osteosarcoma
U-2-OS;UNCLASSIFIED;bone;osteosarcoma
U-266;MM;blood;myeloma
U-266;MM;blood;myeloma
U-698-M;UNCLASSIFIED;blood;B_cell_leukemia
U-698-M;UNCLASSIFIED;blood;B_cell_leukemia
U-87-MG;GBM;nervous_system;glioma
U-87-MG;GBM;nervous_system;glioma
U031;KIRC;kidney;kidney
U251;GBM;nervous_system;glioma
U251;GBM;nervous_system;glioma
UACC-257;SKCM;skin;melanoma
UACC-257;SKCM;skin;melanoma
UACC-62;SKCM;skin;melanoma
UACC-62;SKCM;skin;melanoma
UACC-812;BRCA;breast;breast
UACC-812;BRCA;breast;breast
UACC-893;BRCA;breast;breast
UACC-893;BRCA;breast;breast
UM-UC-3;BLCA;urogenital_system;bladder
UM-UC-3;BLCA;urogenital_system;bladder
UMC-11;UNCLASSIFIED;lung;lung_NSCLC_carcinoid
UMC-11;UNCLASSIFIED;lung;lung_NSCLC_carcinoid
UWB1.289;OV;urogenital_system;ovary
VA-ES-BJ;UNCLASSIFIED;soft_tissue;soft_tissue_other
VA-ES-BJ;UNCLASSIFIED;soft_tissue;soft_tissue_other
VAL;DLBC;blood;B_cell_lymphoma
VAL;DLBC;blood;B_cell_lymphoma
VCaP;PRAD;urogenital_system;prostate
VCaP;PRAD;urogenital_system;prostate
VM-CUB-1;BLCA;urogenital_system;bladder
VM-CUB-1;BLCA;urogenital_system;bladder
VMRC-LCD;LUAD;lung;lung_NSCLC_adenocarcinoma
VMRC-LCD;LUAD;lung;lung_NSCLC_adenocarcinoma
VMRC-MELG;SKCM;skin;melanoma
VMRC-RCW;KIRC;kidney;kidney
VMRC-RCZ;KIRC;kidney;kidney
VMRC-RCZ;KIRC;kidney;kidney
WIL2-NS;UNCLASSIFIED;blood;lymphoid_neoplasm_other
WIL2-NS;UNCLASSIFIED;blood;lymphoid_neoplasm_other
WM-115;SKCM;skin;melanoma
WM-115;SKCM;skin;melanoma
WM1552C;SKCM;skin;melanoma
WM1552C;SKCM;skin;melanoma
WM278;SKCM;skin;melanoma
WM278;SKCM;skin;melanoma
WM35;SKCM;skin;melanoma
WM35;SKCM;skin;melanoma
WM793B;SKCM;skin;melanoma
WM793B;SKCM;skin;melanoma
WSU-DLCL2;DLBC;blood;B_cell_lymphoma
WSU-DLCL2;DLBC;blood;B_cell_lymphoma
WSU-NHL;UNCLASSIFIED;blood;lymphoid_neoplasm_other
WSU-NHL;UNCLASSIFIED;blood;lymphoid_neoplasm_other
YAPC;PAAD;pancreas;pancreas
YAPC;PAAD;pancreas;pancreas
YH-13;GBM;nervous_system;glioma
YH-13;GBM;nervous_system;glioma
YKG-1;GBM;nervous_system;glioma
YMB-1-E;BRCA;breast;breast
YT;ALL;blood;lymphoid_neoplasm_other
YT;ALL;blood;lymphoid_neoplasm_other
ZR-75-30;BRCA;breast;breast
ZR-75-30;BRCA;breast;breast
huH-1;LIHC;digestive_system;liver
huH-1;LIHC;digestive_system;liver
no-10;LGG;nervous_system;glioma
no-11;LGG;nervous_system;glioma
